{"name":"908e4df4-1c3a-4148-b2d9-df00630e85c8","id":"/providers/Microsoft.Flow/flows/908e4df4-1c3a-4148-b2d9-df00630e85c8","type":"Microsoft.Flow/flows","properties":{"apiId":"/providers/Microsoft.PowerApps/apis/shared_logicflows","displayName":"AddSharePointListToWordDocument","definition":{"metadata":{"workflowEntityId":null,"processAdvisorMetadata":null,"flowChargedByPaygo":null,"flowclientsuspensionreason":"None","flowclientsuspensiontime":null,"flowclientsuspensionreasondetails":null,"creator":{"id":"168aa603-3cb6-4653-a2f4-14142f613e02","type":"User","tenantId":"01a6e732-6e79-4028-8ab6-913e5e261c4d"},"provisioningMethod":"FromDefinition","failureAlertSubscription":true,"clientLastModifiedTime":"2024-07-12T05:51:50.4115769Z","connectionKeySavedTimeKey":"2024-07-12T05:51:50.4115769Z"},"$schema":"https://schema.management.azure.com/providers/Microsoft.Logic/schemas/2016-06-01/workflowdefinition.json#","contentVersion":"1.0.0.0","parameters":{"$authentication":{"defaultValue":{},"type":"SecureObject"},"$connections":{"defaultValue":{},"type":"Object"}},"triggers":{"manual":{"metadata":{"operationMetadataId":"de616a0e-29ba-4d13-b497-2a4146563537"},"type":"Request","kind":"PowerAppV2","inputs":{"schema":{"type":"object","properties":{"text":{"description":"Please enter your input","title":"folderName1","type":"string","x-ms-content-hint":"TEXT","x-ms-dynamically-added":true},"text_1":{"title":"fileName","type":"string","x-ms-dynamically-added":true,"description":"Please enter your input","x-ms-content-hint":"TEXT"},"text_2":{"description":"Please enter your input","title":"emailID","type":"string","x-ms-content-hint":"TEXT","x-ms-dynamically-added":true}},"required":["text","text_1","text_2"]}}}},"actions":{"Send_an_HTTP_request_to_SharePoint":{"runAfter":{"convert_folder_name_to_binary":["Succeeded"]},"metadata":{"operationMetadataId":"57b9aeac-00ac-4810-ac7e-793141ea919a"},"type":"OpenApiConnection","inputs":{"parameters":{"dataset":"https://ecasejsh.sharepoint.com/sites/StructuralInspection","parameters/method":"GET","parameters/uri":"_api/web/GetFolderByServerRelativeUrl('/sites/StructuralInspection/Image%20Library/@{outputs('convert_folder_name_to_binary')}')/Files"},"host":{"apiId":"/providers/Microsoft.PowerApps/apis/shared_sharepointonline","connectionName":"shared_sharepointonline","operationId":"HttpRequest"},"authentication":{"value":"@json(decodeBase64(triggerOutputs().headers['X-MS-APIM-Tokens']))['$ConnectionKey']","type":"Raw"}}},"convert_folder_name_to_binary":{"runAfter":{},"metadata":{"operationMetadataId":"df17dbba-87a4-43d4-82a8-0f605106b273"},"type":"Compose","inputs":"@uriComponent(triggerBody()?['text'])"},"imageName":{"runAfter":{"Parse_JSON":["Succeeded"]},"metadata":{"operationMetadataId":"5679c079-a1d3-4b6a-9168-fd528ffae4bd"},"type":"InitializeVariable","inputs":{"variables":[{"name":"imageName","type":"array","value":[]}]}},"Apply_to_each":{"foreach":"@body('Send_an_HTTP_request_to_SharePoint')?['d']['results']","actions":{"Append_to_imageName":{"runAfter":{"Append_to_Image_ID":["Succeeded"]},"metadata":{"operationMetadataId":"5c920a3a-22a3-4e1a-b6c0-58be3e1714ab"},"type":"AppendToArrayVariable","inputs":{"name":"imageName","value":"@items('Apply_to_each')['Name']"}},"Get_file_content_using_path":{"runAfter":{"Append_to_serverRelativeUrl_Substring":["Succeeded"]},"metadata":{"operationMetadataId":"4c5fc5c8-6e73-4a05-a9df-4449139b6ac4"},"type":"OpenApiConnection","inputs":{"parameters":{"dataset":"https://ecasejsh.sharepoint.com/sites/StructuralInspection","path":"@substring(items('Apply_to_each')['ServerRelativeUrl'],27)","inferContentType":true},"host":{"apiId":"/providers/Microsoft.PowerApps/apis/shared_sharepointonline","connectionName":"shared_sharepointonline","operationId":"GetFileContentByPath"},"authentication":{"value":"@json(decodeBase64(triggerOutputs().headers['X-MS-APIM-Tokens']))['$ConnectionKey']","type":"Raw"}}},"Append_to_serverRelativeUrl":{"runAfter":{"Append_to_imageName":["Succeeded"]},"metadata":{"operationMetadataId":"6010de7a-2a6f-42f4-b9ba-4ffd9a4403ed"},"type":"AppendToStringVariable","inputs":{"name":"serverRelativeUrl","value":"@items('Apply_to_each')['ServerRelativeUrl']"}},"Append_to_serverRelativeUrl_Substring":{"runAfter":{"Append_to_serverRelativeUrl":["Succeeded"]},"metadata":{"operationMetadataId":"1346e437-caff-46fa-8d95-350784c4be55"},"type":"AppendToStringVariable","inputs":{"name":"Substring_serverRelativeUrl","value":"@substring(items('Apply_to_each')['ServerRelativeUrl'],27)"}},"Append_to_array_QRCodes":{"runAfter":{"Compose_Store_Image_Content":["Succeeded"]},"metadata":{"operationMetadataId":"e03847c5-68d6-4e8d-9328-bcd7cb20b3a0"},"type":"AppendToArrayVariable","inputs":{"name":"QRCodes","value":"@base64(body('Get_file_content_using_path'))"}},"Compose_Store_Image_Content":{"runAfter":{"Get_file_content_using_path":["Succeeded"]},"metadata":{"operationMetadataId":"79541763-9a19-43f2-8dc4-48b2b83047bd"},"type":"Compose","inputs":"@base64(body('Get_file_content_using_path'))"},"Append_to_Image_ID":{"metadata":{"operationMetadataId":"55a50f84-d1ba-422f-8d21-3b87c26db924"},"type":"AppendToStringVariable","inputs":{"name":"imageID","value":"@items('Apply_to_each')['UniqueId']"}},"Increment_variable":{"runAfter":{"Append_to_array_QRCodes":["Succeeded"]},"type":"IncrementVariable","inputs":{"name":"counter","value":1}},"Append_to_array_variable":{"runAfter":{"Increment_variable":["Succeeded"]},"type":"AppendToArrayVariable","inputs":{"name":"ArrayCounter","value":"@variables('counter')"}}},"runAfter":{"Initialize_Array_counter":["Succeeded"]},"metadata":{"operationMetadataId":"dd918409-fd6a-4894-8c68-b10153c46123"},"type":"Foreach"},"serverRelativeUrl":{"runAfter":{"imageID":["Succeeded"]},"metadata":{"operationMetadataId":"a2c74109-8a72-495d-b5de-62ee16849094"},"type":"InitializeVariable","inputs":{"variables":[{"name":"serverRelativeUrl","type":"string"}]}},"Substring_serverRelativeUrl":{"runAfter":{"serverRelativeUrl":["Succeeded"]},"metadata":{"operationMetadataId":"1fa60c6c-52eb-47d7-8e15-08f7789c812c"},"type":"InitializeVariable","inputs":{"variables":[{"name":"Substring_serverRelativeUrl","type":"string"}]}},"QRCodes":{"runAfter":{"Substring_serverRelativeUrl":["Succeeded"]},"metadata":{"operationMetadataId":"9a4fc9e9-b78f-499e-ba70-76af34134b3a"},"type":"InitializeVariable","inputs":{"variables":[{"name":"QRCodes","type":"array","value":[]}]}},"Get_Template_from_SharePoint_Document_Library":{"runAfter":{"Apply_to_each":["Succeeded"]},"metadata":{"operationMetadataId":"9d01fa1a-ef18-4898-a794-408b39eafb59"},"type":"OpenApiConnection","inputs":{"parameters":{"dataset":"https://ecasejsh.sharepoint.com/sites/StructuralInspection","path":"/Shared Documents/Encodian_Template/ECAS_Sheet Template_R6.docx","inferContentType":true},"host":{"apiId":"/providers/Microsoft.PowerApps/apis/shared_sharepointonline","connectionName":"shared_sharepointonline","operationId":"GetFileContentByPath"},"authentication":{"value":"@json(decodeBase64(triggerOutputs().headers['X-MS-APIM-Tokens']))['$ConnectionKey']","type":"Raw"}}},"Initialize_DATA_variable":{"runAfter":{"Get_Template_from_SharePoint_Document_Library":["Succeeded"]},"metadata":{"operationMetadataId":"aeed1cd0-155d-41d4-93e7-fc45992855fa"},"type":"InitializeVariable","inputs":{"variables":[{"name":"Data","type":"string","value":"{\n  \"QRCodes\": [\n  {\n    \"Name\": \"Test\",\n    \"Base64image\":\"@{first(variables('QRCodes'))}\"\n  },\n  {\n    \"Name\": \"Test\",\n    \"Base64image\":\"@{first(skip(variables('QRCodes'),1))}\"\n  },\n  {\n    \"Name\": \"Test\",\n    \"Base64image\":\"@{first(skip(variables('QRCodes'),2))}\"\n  },\n  {\n    \"Name\": \"Test\",\n    \"Base64image\":\"@{first(skip(variables('QRCodes'),3))}\"\n  },\n{\n    \"Name\": \"Test\",\n    \"Base64image\":\"@{first(skip(variables('QRCodes'),4))}\"\n  },\n{\n    \"Name\": \"Test\",\n    \"Base64image\":\"@{first(skip(variables('QRCodes'),5))}\"\n  },\n{\n    \"Name\": \"Test\",\n    \"Base64image\":\"@{first(skip(variables('QRCodes'),6))}\"\n  },\n{\n    \"Name\": \"Test\",\n    \"Base64image\":\"@{first(skip(variables('QRCodes'),7))}\"\n  },\n{\n    \"Name\": \"Test\",\n    \"Base64image\":\"@{first(skip(variables('QRCodes'),8))}\"\n  },\n{\n    \"Name\": \"Test\",\n    \"Base64image\":\"@{first(skip(variables('QRCodes'),8))}\"\n  },\n{\n    \"Name\": \"Test\",\n    \"Base64image\":\"@{first(skip(variables('QRCodes'),9))}\"\n  },\n{\n    \"Name\": \"Test\",\n    \"Base64image\":\"@{first(skip(variables('QRCodes'),10))}\"\n  },\n{\n    \"Name\": \"Test\",\n    \"Base64image\":\"@{first(skip(variables('QRCodes'),11))}\"\n  },\n{\n    \"Name\": \"Test\",\n    \"Base64image\":\"@{first(skip(variables('QRCodes'),12))}\"\n  },\n{\n    \"Name\": \"Test\",\n    \"Base64image\":\"@{first(skip(variables('QRCodes'),13))}\"\n  },\n{\n    \"Name\": \"Test\",\n    \"Base64image\":\"@{first(skip(variables('QRCodes'),14))}\"\n  },\n{\n    \"Name\": \"Test\",\n    \"Base64image\":\"@{first(skip(variables('QRCodes'),15))}\"\n  },\n{\n    \"Name\": \"Test\",\n    \"Base64image\":\"@{first(skip(variables('QRCodes'),16))}\"\n  },\n{\n    \"Name\": \"Test\",\n    \"Base64image\":\"@{first(skip(variables('QRCodes'),17))}\"\n  },\n{\n    \"Name\": \"Test\",\n    \"Base64image\":\"@{first(skip(variables('QRCodes'),18))}\"\n  },\n{\n    \"Name\": \"Test\",\n    \"Base64image\":\"@{first(skip(variables('QRCodes'),19))}\"\n  }]\n}"}]}},"imageID":{"runAfter":{"imageName":["Succeeded"]},"metadata":{"operationMetadataId":"01d816cf-6ca1-46de-a472-eeeaaa655004"},"type":"InitializeVariable","inputs":{"variables":[{"name":"imageID","type":"string"}]}},"Get_files_(properties_only)":{"runAfter":{"Send_an_HTTP_request_to_SharePoint":["Succeeded"]},"metadata":{"operationMetadataId":"a2cee225-7498-49dc-9bf4-14e2ec645804"},"type":"OpenApiConnection","inputs":{"parameters":{"dataset":"https://ecasejsh.sharepoint.com/sites/StructuralInspection","table":"f11f391d-2f4f-4b1d-8255-68ccfede67bf"},"host":{"apiId":"/providers/Microsoft.PowerApps/apis/shared_sharepointonline","connectionName":"shared_sharepointonline","operationId":"GetFileItems"},"authentication":{"value":"@json(decodeBase64(triggerOutputs().headers['X-MS-APIM-Tokens']))['$ConnectionKey']","type":"Raw"}}},"Initialize_variable_Floor_Number":{"runAfter":{"QRCodes":["Succeeded"]},"metadata":{"operationMetadataId":"23d09db2-8544-4e23-aae0-3534d0ec6eb2"},"type":"InitializeVariable","inputs":{"variables":[{"name":"Floor_Number","type":"string"}]}},"Parse_JSON":{"runAfter":{"Get_files_(properties_only)":["Succeeded"]},"metadata":{"operationMetadataId":"8e7f3fbc-373a-4c15-9bc6-0e8e8ebe2e5a"},"type":"ParseJson","inputs":{"content":"@outputs('Get_files_(properties_only)')?['body/value']","schema":{"type":"array","items":{"type":"object","properties":{"@@odata.etag":{"type":"string"},"ItemInternalId":{"type":"string"},"ID":{"type":"integer"},"Title":{"type":"string"},"Modified":{"type":"string"},"Editor":{"type":"object","properties":{"@@odata.type":{"type":"string"},"Claims":{"type":"string"},"DisplayName":{"type":"string"},"Email":{"type":"string"},"Picture":{"type":"string"},"Department":{"type":"string"},"JobTitle":{"type":"string"}}},"Editor#Claims":{"type":"string"},"MediaServiceImageTags":{"type":"array"},"MediaServiceImageTags@odata.type":{"type":"string"},"MediaServiceImageTags#WssId":{"type":"array"},"MediaServiceImageTags#WssId@odata.type":{"type":"string"},"Created":{"type":"string"},"Author":{"type":"object","properties":{"@@odata.type":{"type":"string"},"Claims":{"type":"string"},"DisplayName":{"type":"string"},"Email":{"type":"string"},"Picture":{"type":"string"},"Department":{},"JobTitle":{}}},"Author#Claims":{"type":"string"},"OData__DisplayName":{"type":"string"},"{Identifier}":{"type":"string"},"{IsFolder}":{"type":"boolean"},"{Thumbnail}":{"type":"object","properties":{"Large":{},"Medium":{},"Small":{}}},"{Link}":{"type":"string"},"{Name}":{"type":"string"},"{FilenameWithExtension}":{"type":"string"},"{Path}":{"type":"string"},"{FullPath}":{"type":"string"},"{IsCheckedOut}":{"type":"boolean"},"{VersionNumber}":{"type":"string"},"Element_ID":{"type":"string"},"Floor_Number":{"type":"string"},"Structural_Condition":{"type":"string"}},"required":["@@odata.etag","ItemInternalId","ID","Modified","Editor","Editor#Claims","MediaServiceImageTags","MediaServiceImageTags@odata.type","MediaServiceImageTags#WssId","MediaServiceImageTags#WssId@odata.type","Created","Author","Author#Claims","OData__DisplayName","{Identifier}","{IsFolder}","{Thumbnail}","{Link}","{Name}","{FilenameWithExtension}","{Path}","{FullPath}","{IsCheckedOut}","{VersionNumber}"]}}}},"For_each":{"foreach":"@outputs('Parse_JSON')['body']","actions":{"Set_variable_Floor_Number":{"runAfter":{"Append_to_Array_Remarks":["Succeeded"]},"metadata":{"operationMetadataId":"4ca33b32-4696-4690-9873-2262df658596"},"type":"SetVariable","inputs":{"name":"Floor_Number","value":"@{items('For_each')?['Floor_Number']}"}},"Set_variable_Element_ID":{"runAfter":{"Set_variable_Floor_Number":["Succeeded"]},"metadata":{"operationMetadataId":"b37eaf6c-4771-400f-a625-b0d866c9ed0d"},"type":"SetVariable","inputs":{"name":"Element_ID","value":"@{item()?['Element_ID']}"}},"Set_variable_Structural_Condition":{"runAfter":{"Set_variable_Element_ID":["Succeeded"]},"metadata":{"operationMetadataId":"eb0dcb25-d43e-41e6-9423-b3b6ee10d842"},"type":"SetVariable","inputs":{"name":"Structural_Condition","value":"@item()?['Structural_Condition']"}},"Set_variable_Remarks":{"runAfter":{"Set_variable_Structural_Condition":["Succeeded"]},"metadata":{"operationMetadataId":"080a32e4-3a66-495d-be1b-3d8e0e8632ac"},"type":"SetVariable","inputs":{"name":"Remarks","value":"@{items('For_each')?['Remarks']}"}},"Append_to_array_variable_Floor_Number_Array":{"metadata":{"operationMetadataId":"0d62fb7e-1e47-4416-921c-96adc1d58ec1"},"type":"AppendToArrayVariable","inputs":{"name":"Floor_Number_Array","value":"@coalesce(items('For_each')?['Floor_Number'],'NULL')"}},"Append_to_array_variable_ElementID_Array":{"runAfter":{"Append_to_array_variable_Floor_Number_Array":["Succeeded"]},"metadata":{"operationMetadataId":"871dbae7-d084-4661-aba6-076092d4856c"},"type":"AppendToArrayVariable","inputs":{"name":"Element_ID_Array","value":"@coalesce(items('For_each')?['Element_ID'],'NULL')"}},"Append_to_array_variable_Structural_Condition_Array":{"runAfter":{"Append_to_array_variable_ElementID_Array":["Succeeded"]},"metadata":{"operationMetadataId":"ce356af1-7c41-401f-8e15-c63453b3eb4d"},"type":"AppendToArrayVariable","inputs":{"name":"Structural_Condition_Array","value":"@coalesce(items('For_each')?['Structural_Condition'],'NULL')"}},"Append_to_Array_Remarks":{"runAfter":{"Append_to_array_variable_Structural_Condition_Array":["Succeeded"]},"metadata":{"operationMetadataId":"b02233aa-9ed8-4ca8-97b7-4e15626571ea"},"type":"AppendToArrayVariable","inputs":{"name":"Array_Remarks","value":"@coalesce(items('For_each')?['Remarks'],'NULL')"}}},"runAfter":{"Initialize_Array_Remarks":["Succeeded"]},"metadata":{"operationMetadataId":"89cd5a50-8b29-41d2-8c15-ab744f557c3a"},"type":"Foreach"},"Initialize_variable_Element_ID":{"runAfter":{"Initialize_Floor_Number_Array":["Succeeded"]},"metadata":{"operationMetadataId":"c8d7f785-e505-4348-8fad-187f7ad15b24"},"type":"InitializeVariable","inputs":{"variables":[{"name":"Element_ID","type":"string"}]}},"Initialize_variable_Structural_Condition":{"runAfter":{"Initialize_Element_ID_Array":["Succeeded"]},"metadata":{"operationMetadataId":"80c1d771-4dae-4752-a120-27f552c950f2"},"type":"InitializeVariable","inputs":{"variables":[{"name":"Structural_Condition","type":"string"}]}},"Initialize_variable_Remarks":{"runAfter":{"Initialize_Structural_Condition_Array":["Succeeded"]},"metadata":{"operationMetadataId":"96000298-acfa-4aec-9d4c-eb0cd15e5b28"},"type":"InitializeVariable","inputs":{"variables":[{"name":"Remarks","type":"string"}]}},"Initialize_Floor_Number_Array":{"runAfter":{"Initialize_variable_Floor_Number":["Succeeded"]},"metadata":{"operationMetadataId":"153ccace-6207-42c3-8a78-170664560212"},"type":"InitializeVariable","inputs":{"variables":[{"name":"Floor_Number_Array","type":"array","value":[]}]}},"Initialize_Element_ID_Array":{"runAfter":{"Initialize_variable_Element_ID":["Succeeded"]},"metadata":{"operationMetadataId":"32272cce-b362-4a86-8917-8ebe45ca57b3"},"type":"InitializeVariable","inputs":{"variables":[{"name":"Element_ID_Array","type":"array"}]}},"Initialize_Structural_Condition_Array":{"runAfter":{"Initialize_variable_Structural_Condition":["Succeeded"]},"metadata":{"operationMetadataId":"81b1b5fd-22fa-44d4-b9d3-0ea2915a2c11"},"type":"InitializeVariable","inputs":{"variables":[{"name":"Structural_Condition_Array","type":"array"}]}},"Initialize_Array_Remarks":{"runAfter":{"Initialize_variable_Remarks":["Succeeded"]},"metadata":{"operationMetadataId":"0d665957-e205-4efd-ba1e-44d78c0aef6c"},"type":"InitializeVariable","inputs":{"variables":[{"name":"Array_Remarks","type":"array","value":[]}]}},"Data_Test":{"runAfter":{"Initialize_DATA_variable":["Succeeded"]},"metadata":{"operationMetadataId":"d6ad1c2c-383b-4db2-ba2f-30a237e9d378"},"type":"InitializeVariable","inputs":{"variables":[{"name":"Data_Test","type":"string","value":"{\n  \"QRCodes\": [\n  {\n    \"Name\": \"Test\",\n    \"Base64image\":\"@{first(variables('QRCodes'))}\",\n    \"Floor_Number\":\"@{first(variables('Floor_Number_Array'))}\",\n    \"Structural_Condition\":\"@{first(variables('Structural_Condition_Array'))}\",\n    \"Element_ID\":\"@{first(variables('Element_ID_Array'))}\",\n    \"Remarks\":\"@{first(variables('Array_Remarks'))}\"\n\n  },\n  {\n    \"Name\": \"Test\",\n    \"Base64image\":\"@{first(skip(variables('QRCodes'),1))}\",\n    \"Floor_Number\":\"@{first(skip(variables('Floor_Number_Array'),1))}\",\n    \"Structural_Condition\":\"@{first(skip(variables('Structural_Condition_Array'),1))}\",\n    \"Element_ID\":\"@{first(skip(variables('Element_ID_Array'),1))}\",\n    \"Remarks\":\"@{first(skip(variables('Array_Remarks'),1))}\"\n  },\n  {\n    \"Name\": \"Test\",\n    \"Base64image\":\"@{first(skip(variables('QRCodes'),2))}\",\n    \"Floor_Number\":\"@{first(skip(variables('Floor_Number_Array'),2))}\",\n    \"Structural_Condition\":\"@{first(skip(variables('Structural_Condition_Array'),2))}\",\n    \"Element_ID\":\"@{first(skip(variables('Element_ID_Array'),2))}\",\n    \"Remarks\":\"@{first(skip(variables('Array_Remarks'),2))}\"\n  },\n  {\n    \"Name\": \"Test\",\n    \"Base64image\":\"@{first(skip(variables('QRCodes'),3))}\",\n    \"Floor_Number\":\"@{first(skip(variables('Floor_Number_Array'),3))}\",\n    \"Structural_Condition\":\"@{first(skip(variables('Structural_Condition_Array'),3))}\",\n    \"Element_ID\":\"@{first(skip(variables('Element_ID_Array'),3))}\",\n    \"Remarks\":\"@{first(skip(variables('Array_Remarks'),3))}\"\n  },\n{\n    \"Name\": \"Test\",\n    \"Base64image\":\"@{first(skip(variables('QRCodes'),4))}\",\n    \"Floor_Number\":\"@{first(skip(variables('Floor_Number_Array'),4))}\",\n    \"Structural_Condition\":\"@{first(skip(variables('Structural_Condition_Array'),4))}\",\n    \"Element_ID\":\"@{first(skip(variables('Element_ID_Array'),4))}\",\n    \"Remarks\":\"@{first(skip(variables('Array_Remarks'),4))}\"\n  },\n{\n    \"Name\": \"Test\",\n    \"Base64image\":\"@{first(skip(variables('QRCodes'),5))}\",\n    \"Floor_Number\":\"@{first(skip(variables('Floor_Number_Array'),5))}\",\n    \"Structural_Condition\":\"@{first(skip(variables('Structural_Condition_Array'),5))}\",\n    \"Element_ID\":\"@{first(skip(variables('Element_ID_Array'),5))}\",\n    \"Remarks\":\"@{first(skip(variables('Array_Remarks'),5))}\"\n  },\n{\n    \"Name\": \"Test\",\n    \"Base64image\":\"@{first(skip(variables('QRCodes'),6))}\",\n    \"Floor_Number\":\"@{first(skip(variables('Floor_Number_Array'),6))}\",\n    \"Structural_Condition\":\"@{first(skip(variables('Structural_Condition_Array'),6))}\",\n    \"Element_ID\":\"@{first(skip(variables('Element_ID_Array'),6))}\",\n    \"Remarks\":\"@{first(skip(variables('Array_Remarks'),6))}\"\n  },\n{\n    \"Name\": \"Test\",\n    \"Base64image\":\"@{first(skip(variables('QRCodes'),7))}\",\n    \"Floor_Number\":\"@{first(skip(variables('Floor_Number_Array'),7))}\",\n    \"Structural_Condition\":\"@{first(skip(variables('Structural_Condition_Array'),7))}\",\n    \"Element_ID\":\"@{first(skip(variables('Element_ID_Array'),7))}\",\n    \"Remarks\":\"@{first(skip(variables('Array_Remarks'),7))}\"\n  },\n{\n    \"Name\": \"Test\",\n    \"Base64image\":\"@{first(skip(variables('QRCodes'),8))}\",\n    \"Floor_Number\":\"@{first(skip(variables('Floor_Number_Array'),8))}\",\n    \"Structural_Condition\":\"@{first(skip(variables('Structural_Condition_Array'),8))}\",\n    \"Element_ID\":\"@{first(skip(variables('Element_ID_Array'),9))}\",\n    \"Remarks\":\"@{first(skip(variables('Array_Remarks'),8))}\"\n  },\n{\n    \"Name\": \"Test\",\n    \"Base64image\":\"@{first(skip(variables('QRCodes'),9))}\",\n    \"Floor_Number\":\"@{first(skip(variables('Floor_Number_Array'),9))}\",\n    \"Structural_Condition\":\"@{first(skip(variables('Structural_Condition_Array'),9))}\",\n    \"Element_ID\":\"@{first(skip(variables('Element_ID_Array'),9))}\",\n    \"Remarks\":\"@{first(skip(variables('Array_Remarks'),9))}\"\n  },\n{\n    \"Name\": \"Test\",\n    \"Base64image\":\"@{first(skip(variables('QRCodes'),10))}\",\n    \"Floor_Number\":\"@{first(skip(variables('Floor_Number_Array'),10))}\",\n    \"Structural_Condition\":\"@{first(skip(variables('Structural_Condition_Array'),10))}\",\n    \"Element_ID\":\"@{first(skip(variables('Element_ID_Array'),10))}\",\n    \"Remarks\":\"@{first(skip(variables('Array_Remarks'),8))}\"\n  }]\n}"}]}},"Populate_Word_Document":{"runAfter":{"Data_Test":["Succeeded"]},"metadata":{"operationMetadataId":"8ebfadc0-dd59-4849-bf13-7469bd62fc0b"},"type":"OpenApiConnection","inputs":{"parameters":{"operation/fileContent":"@body('Get_Template_from_SharePoint_Document_Library')","operation/documentData":"{\n  \"QRCodes\": [\n  {\n    \"Name\": \"Test\",\n    \"SNo\": \"@{first(variables('ArrayCounter'))}\",\n    \"Base64image\":\"@{first(variables('QRCodes'))}\",\n    \"Floor_Number\":\"@{first(variables('Floor_Number_Array'))}\",\n    \"Structural_Condition\":\"@{first(variables('Structural_Condition_Array'))}\",\n    \"Element_ID\":\"@{first(variables('Element_ID_Array'))}\",\n    \"Remarks\":\"@{first(variables('Array_Remarks'))}\"\n\n  },\n  {\n    \"Name\": \"Test\",\n    \"SNo\": \"@{first(skip(variables('ArrayCounter'),1))}\",\n    \"Base64image\":\"@{first(skip(variables('QRCodes'),1))}\",\n    \"Floor_Number\":\"@{first(skip(variables('Floor_Number_Array'),1))}\",\n    \"Structural_Condition\":\"@{first(skip(variables('Structural_Condition_Array'),1))}\",\n    \"Element_ID\":\"@{first(skip(variables('Element_ID_Array'),1))}\",\n    \"Remarks\":\"@{first(skip(variables('Array_Remarks'),1))}\"\n  },\n  {\n    \"Name\": \"Test\",\n    \"Base64image\":\"@{first(skip(variables('QRCodes'),2))}\",\n    \"SNo\": \"@{first(skip(variables('ArrayCounter'),2))}\",\n    \"Floor_Number\":\"@{first(skip(variables('Floor_Number_Array'),2))}\",\n    \"Structural_Condition\":\"@{first(skip(variables('Structural_Condition_Array'),2))}\",\n    \"Element_ID\":\"@{first(skip(variables('Element_ID_Array'),2))}\",\n    \"Remarks\":\"@{first(skip(variables('Array_Remarks'),2))}\"\n  },\n  {\n    \"Name\": \"Test\",\n    \"SNo\": \"@{first(skip(variables('ArrayCounter'),3))}\",\n    \"Base64image\":\"@{first(skip(variables('QRCodes'),3))}\",\n    \"S.No\": \"@{first(skip(variables('ArrayCounter'),3))}\",\n    \"Floor_Number\":\"@{first(skip(variables('Floor_Number_Array'),3))}\",\n    \"Structural_Condition\":\"@{first(skip(variables('Structural_Condition_Array'),3))}\",\n    \"Element_ID\":\"@{first(skip(variables('Element_ID_Array'),3))}\",\n    \"Remarks\":\"@{first(skip(variables('Array_Remarks'),3))}\"\n  },\n{\n    \"Name\": \"Test\",\n    \"SNo\": \"@{first(skip(variables('ArrayCounter'),4))}\",\n    \"Base64image\":\"@{first(skip(variables('QRCodes'),4))}\",\n    \"Floor_Number\":\"@{first(skip(variables('Floor_Number_Array'),4))}\",\n    \"Structural_Condition\":\"@{first(skip(variables('Structural_Condition_Array'),4))}\",\n    \"Element_ID\":\"@{first(skip(variables('Element_ID_Array'),4))}\",\n    \"Remarks\":\"@{first(skip(variables('Array_Remarks'),4))}\"\n  },\n{\n    \"Name\": \"Test\",\n    \"SNo\": \"@{first(skip(variables('ArrayCounter'),5))}\",\n    \"Base64image\":\"@{first(skip(variables('QRCodes'),5))}\",\n    \"Floor_Number\":\"@{first(skip(variables('Floor_Number_Array'),5))}\",\n    \"Structural_Condition\":\"@{first(skip(variables('Structural_Condition_Array'),5))}\",\n    \"Element_ID\":\"@{first(skip(variables('Element_ID_Array'),5))}\",\n    \"Remarks\":\"@{first(skip(variables('Array_Remarks'),5))}\"\n  },\n{\n    \"Name\": \"Test\",\n    \"SNo\": \"@{first(skip(variables('ArrayCounter'),6))}\",\n    \"Base64image\":\"@{first(skip(variables('QRCodes'),6))}\",\n    \"Floor_Number\":\"@{first(skip(variables('Floor_Number_Array'),6))}\",\n    \"Structural_Condition\":\"@{first(skip(variables('Structural_Condition_Array'),6))}\",\n    \"Element_ID\":\"@{first(skip(variables('Element_ID_Array'),6))}\",\n    \"Remarks\":\"@{first(skip(variables('Array_Remarks'),6))}\"\n  },\n{\n    \"Name\": \"Test\",\n    \"SNo\": \"@{first(skip(variables('ArrayCounter'),7))}\",\n    \"Base64image\":\"@{first(skip(variables('QRCodes'),7))}\",\n    \"Floor_Number\":\"@{first(skip(variables('Floor_Number_Array'),7))}\",\n    \"Structural_Condition\":\"@{first(skip(variables('Structural_Condition_Array'),7))}\",\n    \"Element_ID\":\"@{first(skip(variables('Element_ID_Array'),7))}\",\n    \"Remarks\":\"@{first(skip(variables('Array_Remarks'),7))}\"\n  },\n{\n    \"Name\": \"Test\",\n    \"SNo\": \"@{first(skip(variables('ArrayCounter'),8))}\",\n    \"Base64image\":\"@{first(skip(variables('QRCodes'),8))}\",\n    \"Floor_Number\":\"@{first(skip(variables('Floor_Number_Array'),8))}\",\n    \"Structural_Condition\":\"@{first(skip(variables('Structural_Condition_Array'),8))}\",\n    \"Element_ID\":\"@{first(skip(variables('Element_ID_Array'),8))}\",\n    \"Remarks\":\"@{first(skip(variables('Array_Remarks'),8))}\"\n  },\n{\n    \"Name\": \"Test\",\n    \"SNo\": \"@{first(skip(variables('ArrayCounter'),9))}\",\n    \"Base64image\":\"@{first(skip(variables('QRCodes'),9))}\",\n    \"Floor_Number\":\"@{first(skip(variables('Floor_Number_Array'),9))}\",\n    \"Structural_Condition\":\"@{first(skip(variables('Structural_Condition_Array'),9))}\",\n    \"Element_ID\":\"@{first(skip(variables('Element_ID_Array'),9))}\",\n    \"Remarks\":\"@{first(skip(variables('Array_Remarks'),9))}\"\n  },\n{\n    \"Name\": \"Test\",\n    \"SNo\": \"@{first(skip(variables('ArrayCounter'),10))}\",\n    \"Base64image\":\"@{first(skip(variables('QRCodes'),10))}\",\n    \"Floor_Number\":\"@{first(skip(variables('Floor_Number_Array'),10))}\",\n    \"Structural_Condition\":\"@{first(skip(variables('Structural_Condition_Array'),10))}\",\n    \"Element_ID\":\"@{first(skip(variables('Element_ID_Array'),10))}\",\n    \"Remarks\":\"@{first(skip(variables('Array_Remarks'),10))}\"\n  },\n{\n    \"Name\": \"Test\",\n    \"SNo\": \"@{first(skip(variables('ArrayCounter'),11))}\",\n    \"Base64image\":\"@{first(skip(variables('QRCodes'),11))}\",\n    \"Floor_Number\":\"@{first(skip(variables('Floor_Number_Array'),11))}\",\n    \"Structural_Condition\":\"@{first(skip(variables('Structural_Condition_Array'),11))}\",\n    \"Element_ID\":\"@{first(skip(variables('Element_ID_Array'),11))}\",\n    \"Remarks\":\"@{first(skip(variables('Array_Remarks'),11))}\"\n  },\n{\n    \"Name\": \"Test\",\n    \"SNo\": \"@{first(skip(variables('ArrayCounter'),12))}\",\n    \"Base64image\":\"@{first(skip(variables('QRCodes'),12))}\",\n    \"Floor_Number\":\"@{first(skip(variables('Floor_Number_Array'),12))}\",\n    \"Structural_Condition\":\"@{first(skip(variables('Structural_Condition_Array'),12))}\",\n    \"Element_ID\":\"@{first(skip(variables('Element_ID_Array'),12))}\",\n    \"Remarks\":\"@{first(skip(variables('Array_Remarks'),12))}\"\n  },\n{\n    \"Name\": \"Test\",\n    \"SNo\": \"@{first(skip(variables('ArrayCounter'),13))}\",\n    \"Base64image\":\"@{first(skip(variables('QRCodes'),13))}\",\n    \"Floor_Number\":\"@{first(skip(variables('Floor_Number_Array'),13))}\",\n    \"Structural_Condition\":\"@{first(skip(variables('Structural_Condition_Array'),13))}\",\n    \"Element_ID\":\"@{first(skip(variables('Element_ID_Array'),13))}\",\n    \"Remarks\":\"@{first(skip(variables('Array_Remarks'),13))}\"\n  },\n{\n    \"Name\": \"Test\",\n    \"SNo\": \"@{first(skip(variables('ArrayCounter'),14))}\",\n    \"Base64image\":\"@{first(skip(variables('QRCodes'),14))}\",\n    \"Floor_Number\":\"@{first(skip(variables('Floor_Number_Array'),14))}\",\n    \"Structural_Condition\":\"@{first(skip(variables('Structural_Condition_Array'),14))}\",\n    \"Element_ID\":\"@{first(skip(variables('Element_ID_Array'),14))}\",\n    \"Remarks\":\"@{first(skip(variables('Array_Remarks'),14))}\"\n  },\n{\n    \"Name\": \"Test\",\n    \"SNo\": \"@{first(skip(variables('ArrayCounter'),15))}\",\n    \"Base64image\":\"@{first(skip(variables('QRCodes'),15))}\",\n    \"Floor_Number\":\"@{first(skip(variables('Floor_Number_Array'),15))}\",\n    \"Structural_Condition\":\"@{first(skip(variables('Structural_Condition_Array'),15))}\",\n    \"Element_ID\":\"@{first(skip(variables('Element_ID_Array'),15))}\",\n    \"Remarks\":\"@{first(skip(variables('Array_Remarks'),15))}\"\n  },\n{\n    \"Name\": \"Test\",\n    \"SNo\": \"@{first(skip(variables('ArrayCounter'),15))}\",\n    \"Base64image\":\"@{first(skip(variables('QRCodes'),15))}\",\n    \"Floor_Number\":\"@{first(skip(variables('Floor_Number_Array'),15))}\",\n    \"Structural_Condition\":\"@{first(skip(variables('Structural_Condition_Array'),15))}\",\n    \"Element_ID\":\"@{first(skip(variables('Element_ID_Array'),15))}\",\n    \"Remarks\":\"@{first(skip(variables('Array_Remarks'),15))}\"\n  },\n{\n    \"Name\": \"Test\",\n    \"SNo\": \"@{first(skip(variables('ArrayCounter'),16))}\",\n    \"Base64image\":\"@{first(skip(variables('QRCodes'),16))}\",\n    \"Floor_Number\":\"@{first(skip(variables('Floor_Number_Array'),16))}\",\n    \"Structural_Condition\":\"@{first(skip(variables('Structural_Condition_Array'),16))}\",\n    \"Element_ID\":\"@{first(skip(variables('Element_ID_Array'),16))}\",\n    \"Remarks\":\"@{first(skip(variables('Array_Remarks'),16))}\"\n  },\n{\n    \"Name\": \"Test\",\n    \"SNo\": \"@{first(skip(variables('ArrayCounter'),17))}\",\n    \"Base64image\":\"@{first(skip(variables('QRCodes'),17))}\",\n    \"Floor_Number\":\"@{first(skip(variables('Floor_Number_Array'),17))}\",\n    \"Structural_Condition\":\"@{first(skip(variables('Structural_Condition_Array'),17))}\",\n    \"Element_ID\":\"@{first(skip(variables('Element_ID_Array'),17))}\",\n    \"Remarks\":\"@{first(skip(variables('Array_Remarks'),17))}\"\n  },\n{\n    \"Name\": \"Test\",\n    \"SNo\": \"@{first(skip(variables('ArrayCounter'),18))}\",\n    \"Base64image\":\"@{first(skip(variables('QRCodes'),18))}\",\n    \"Floor_Number\":\"@{first(skip(variables('Floor_Number_Array'),18))}\",\n    \"Structural_Condition\":\"@{first(skip(variables('Structural_Condition_Array'),18))}\",\n    \"Element_ID\":\"@{first(skip(variables('Element_ID_Array'),18))}\",\n    \"Remarks\":\"@{first(skip(variables('Array_Remarks'),13))}\"\n  },\n{\n    \"Name\": \"Test\",\n    \"SNo\": \"@{first(skip(variables('ArrayCounter'),19))}\",\n    \"Base64image\":\"@{first(skip(variables('QRCodes'),19))}\",\n    \"Floor_Number\":\"@{first(skip(variables('Floor_Number_Array'),19))}\",\n    \"Structural_Condition\":\"@{first(skip(variables('Structural_Condition_Array'),19))}\",\n    \"Element_ID\":\"@{first(skip(variables('Element_ID_Array'),19))}\",\n    \"Remarks\":\"@{first(skip(variables('Array_Remarks'),19))}\"\n  },\n{\n    \"Name\": \"Test\",\n    \"SNo\": \"@{first(skip(variables('ArrayCounter'),20))}\",\n    \"Base64image\":\"@{first(skip(variables('QRCodes'),20))}\",\n    \"Floor_Number\":\"@{first(skip(variables('Floor_Number_Array'),20))}\",\n    \"Structural_Condition\":\"@{first(skip(variables('Structural_Condition_Array'),20))}\",\n    \"Element_ID\":\"@{first(skip(variables('Element_ID_Array'),20))}\",\n    \"Remarks\":\"@{first(skip(variables('Array_Remarks'),20))}\"\n  },\n{\n    \"Name\": \"Test\",\n    \"SNo\": \"@{first(skip(variables('ArrayCounter'),21))}\",\n    \"Base64image\":\"@{first(skip(variables('QRCodes'),21))}\",\n    \"Floor_Number\":\"@{first(skip(variables('Floor_Number_Array'),21))}\",\n    \"Structural_Condition\":\"@{first(skip(variables('Structural_Condition_Array'),21))}\",\n    \"Element_ID\":\"@{first(skip(variables('Element_ID_Array'),21))}\",\n    \"Remarks\":\"@{first(skip(variables('Array_Remarks'),21))}\"\n  },\n{\n    \"Name\": \"Test\",\n    \"SNo\": \"@{first(skip(variables('ArrayCounter'),22))}\",\n    \"Base64image\":\"@{first(skip(variables('QRCodes'),22))}\",\n    \"Floor_Number\":\"@{first(skip(variables('Floor_Number_Array'),22))}\",\n    \"Structural_Condition\":\"@{first(skip(variables('Structural_Condition_Array'),22))}\",\n    \"Element_ID\":\"@{first(skip(variables('Element_ID_Array'),22))}\",\n    \"Remarks\":\"@{first(skip(variables('Array_Remarks'),22))}\"\n  },\n{\n    \"Name\": \"Test\",\n    \"SNo\": \"@{first(skip(variables('ArrayCounter'),23))}\",\n    \"Base64image\":\"@{first(skip(variables('QRCodes'),23))}\",\n    \"Floor_Number\":\"@{first(skip(variables('Floor_Number_Array'),23))}\",\n    \"Structural_Condition\":\"@{first(skip(variables('Structural_Condition_Array'),23))}\",\n    \"Element_ID\":\"@{first(skip(variables('Element_ID_Array'),23))}\",\n    \"Remarks\":\"@{first(skip(variables('Array_Remarks'),23))}\"\n  },\n{\n    \"Name\": \"Test\",\n    \"SNo\": \"@{first(skip(variables('ArrayCounter'),24))}\",\n    \"Base64image\":\"@{first(skip(variables('QRCodes'),24))}\",\n    \"Floor_Number\":\"@{first(skip(variables('Floor_Number_Array'),24))}\",\n    \"Structural_Condition\":\"@{first(skip(variables('Structural_Condition_Array'),24))}\",\n    \"Element_ID\":\"@{first(skip(variables('Element_ID_Array'),24))}\",\n    \"Remarks\":\"@{first(skip(variables('Array_Remarks'),24))}\"\n  },\n{\n    \"Name\": \"Test\",\n    \"SNo\": \"@{first(skip(variables('ArrayCounter'),25))}\",\n    \"Base64image\":\"@{first(skip(variables('QRCodes'),25))}\",\n    \"Floor_Number\":\"@{first(skip(variables('Floor_Number_Array'),25))}\",\n    \"Structural_Condition\":\"@{first(skip(variables('Structural_Condition_Array'),25))}\",\n    \"Element_ID\":\"@{first(skip(variables('Element_ID_Array'),25))}\",\n    \"Remarks\":\"@{first(skip(variables('Array_Remarks'),25))}\"\n  },\n{\n    \"Name\": \"Test\",\n    \"SNo\": \"@{first(skip(variables('ArrayCounter'),26))}\",\n    \"Base64image\":\"@{first(skip(variables('QRCodes'),26))}\",\n    \"Floor_Number\":\"@{first(skip(variables('Floor_Number_Array'),26))}\",\n    \"Structural_Condition\":\"@{first(skip(variables('Structural_Condition_Array'),26))}\",\n    \"Element_ID\":\"@{first(skip(variables('Element_ID_Array'),26))}\",\n    \"Remarks\":\"@{first(skip(variables('Array_Remarks'),26))}\"\n  },\n{\n    \"Name\": \"Test\",\n    \"SNo\": \"@{first(skip(variables('ArrayCounter'),27))}\",\n    \"Base64image\":\"@{first(skip(variables('QRCodes'),27))}\",\n    \"Floor_Number\":\"@{first(skip(variables('Floor_Number_Array'),27))}\",\n    \"Structural_Condition\":\"@{first(skip(variables('Structural_Condition_Array'),27))}\",\n    \"Element_ID\":\"@{first(skip(variables('Element_ID_Array'),27))}\",\n    \"Remarks\":\"@{first(skip(variables('Array_Remarks'),27))}\"\n  },\n{\n    \"Name\": \"Test\",\n    \"SNo\": \"@{first(skip(variables('ArrayCounter'),28))}\",\n    \"Base64image\":\"@{first(skip(variables('QRCodes'),28))}\",\n    \"Floor_Number\":\"@{first(skip(variables('Floor_Number_Array'),28))}\",\n    \"Structural_Condition\":\"@{first(skip(variables('Structural_Condition_Array'),28))}\",\n    \"Element_ID\":\"@{first(skip(variables('Element_ID_Array'),28))}\",\n    \"Remarks\":\"@{first(skip(variables('Array_Remarks'),28))}\"\n  },\n{\n    \"Name\": \"Test\",\n    \"SNo\": \"@{first(skip(variables('ArrayCounter'),29))}\",\n    \"Base64image\":\"@{first(skip(variables('QRCodes'),29))}\",\n    \"Floor_Number\":\"@{first(skip(variables('Floor_Number_Array'),29))}\",\n    \"Structural_Condition\":\"@{first(skip(variables('Structural_Condition_Array'),29))}\",\n    \"Element_ID\":\"@{first(skip(variables('Element_ID_Array'),29))}\",\n    \"Remarks\":\"@{first(skip(variables('Array_Remarks'),29))}\"\n  },\n{\n    \"Name\": \"Test\",\n    \"SNo\": \"@{first(skip(variables('ArrayCounter'),30))}\",\n    \"Base64image\":\"@{first(skip(variables('QRCodes'),30))}\",\n    \"Floor_Number\":\"@{first(skip(variables('Floor_Number_Array'),30))}\",\n    \"Structural_Condition\":\"@{first(skip(variables('Structural_Condition_Array'),30))}\",\n    \"Element_ID\":\"@{first(skip(variables('Element_ID_Array'),30))}\",\n    \"Remarks\":\"@{first(skip(variables('Array_Remarks'),30))}\"\n  },\n{\n    \"Name\": \"Test\",\n    \"SNo\": \"@{first(skip(variables('ArrayCounter'),31))}\",\n    \"Base64image\":\"@{first(skip(variables('QRCodes'),31))}\",\n    \"Floor_Number\":\"@{first(skip(variables('Floor_Number_Array'),31))}\",\n    \"Structural_Condition\":\"@{first(skip(variables('Structural_Condition_Array'),31))}\",\n    \"Element_ID\":\"@{first(skip(variables('Element_ID_Array'),31))}\",\n    \"Remarks\":\"@{first(skip(variables('Array_Remarks'),31))}\"\n  },\n{\n    \"Name\": \"Test\",\n    \"SNo\": \"@{first(skip(variables('ArrayCounter'),32))}\",\n    \"Base64image\":\"@{first(skip(variables('QRCodes'),32))}\",\n    \"Floor_Number\":\"@{first(skip(variables('Floor_Number_Array'),32))}\",\n    \"Structural_Condition\":\"@{first(skip(variables('Structural_Condition_Array'),32))}\",\n    \"Element_ID\":\"@{first(skip(variables('Element_ID_Array'),32))}\",\n    \"Remarks\":\"@{first(skip(variables('Array_Remarks'),32))}\"\n  },\n{\n    \"Name\": \"Test\",\n    \"SNo\": \"@{first(skip(variables('ArrayCounter'),33))}\",\n    \"Base64image\":\"@{first(skip(variables('QRCodes'),33))}\",\n    \"Floor_Number\":\"@{first(skip(variables('Floor_Number_Array'),33))}\",\n    \"Structural_Condition\":\"@{first(skip(variables('Structural_Condition_Array'),33))}\",\n    \"Element_ID\":\"@{first(skip(variables('Element_ID_Array'),33))}\",\n    \"Remarks\":\"@{first(skip(variables('Array_Remarks'),33))}\"\n  },\n{\n    \"Name\": \"Test\",\n    \"SNo\": \"@{first(skip(variables('ArrayCounter'),34))}\",\n    \"Base64image\":\"@{first(skip(variables('QRCodes'),34))}\",\n    \"Floor_Number\":\"@{first(skip(variables('Floor_Number_Array'),34))}\",\n    \"Structural_Condition\":\"@{first(skip(variables('Structural_Condition_Array'),34))}\",\n    \"Element_ID\":\"@{first(skip(variables('Element_ID_Array'),34))}\",\n    \"Remarks\":\"@{first(skip(variables('Array_Remarks'),34))}\"\n  },\n{\n    \"Name\": \"Test\",\n    \"SNo\": \"@{first(skip(variables('ArrayCounter'),35))}\",\n    \"Base64image\":\"@{first(skip(variables('QRCodes'),35))}\",\n    \"Floor_Number\":\"@{first(skip(variables('Floor_Number_Array'),35))}\",\n    \"Structural_Condition\":\"@{first(skip(variables('Structural_Condition_Array'),35))}\",\n    \"Element_ID\":\"@{first(skip(variables('Element_ID_Array'),35))}\",\n    \"Remarks\":\"@{first(skip(variables('Array_Remarks'),35))}\"\n  },\n{\n    \"Name\": \"Test\",\n    \"SNo\": \"@{first(skip(variables('ArrayCounter'),36))}\",\n    \"Base64image\":\"@{first(skip(variables('QRCodes'),36))}\",\n    \"Floor_Number\":\"@{first(skip(variables('Floor_Number_Array'),36))}\",\n    \"Structural_Condition\":\"@{first(skip(variables('Structural_Condition_Array'),36))}\",\n    \"Element_ID\":\"@{first(skip(variables('Element_ID_Array'),36))}\",\n    \"Remarks\":\"@{first(skip(variables('Array_Remarks'),36))}\"\n  },\n{\n    \"Name\": \"Test\",\n    \"SNo\": \"@{first(skip(variables('ArrayCounter'),37))}\",\n    \"Base64image\":\"@{first(skip(variables('QRCodes'),37))}\",\n    \"Floor_Number\":\"@{first(skip(variables('Floor_Number_Array'),37))}\",\n    \"Structural_Condition\":\"@{first(skip(variables('Structural_Condition_Array'),37))}\",\n    \"Element_ID\":\"@{first(skip(variables('Element_ID_Array'),37))}\",\n    \"Remarks\":\"@{first(skip(variables('Array_Remarks'),37))}\"\n  },\n{\n    \"Name\": \"Test\",\n    \"SNo\": \"@{first(skip(variables('ArrayCounter'),38))}\",\n    \"Base64image\":\"@{first(skip(variables('QRCodes'),38))}\",\n    \"Floor_Number\":\"@{first(skip(variables('Floor_Number_Array'),38))}\",\n    \"Structural_Condition\":\"@{first(skip(variables('Structural_Condition_Array'),38))}\",\n    \"Element_ID\":\"@{first(skip(variables('Element_ID_Array'),38))}\",\n    \"Remarks\":\"@{first(skip(variables('Array_Remarks'),38))}\"\n  },\n{\n    \"Name\": \"Test\",\n    \"SNo\": \"@{first(skip(variables('ArrayCounter'),39))}\",\n    \"Base64image\":\"@{first(skip(variables('QRCodes'),39))}\",\n    \"Floor_Number\":\"@{first(skip(variables('Floor_Number_Array'),39))}\",\n    \"Structural_Condition\":\"@{first(skip(variables('Structural_Condition_Array'),39))}\",\n    \"Element_ID\":\"@{first(skip(variables('Element_ID_Array'),39))}\",\n    \"Remarks\":\"@{first(skip(variables('Array_Remarks'),39))}\"\n  },\n{\n    \"Name\": \"Test\",\n    \"SNo\": \"@{first(skip(variables('ArrayCounter'),40))}\",\n    \"Base64image\":\"@{first(skip(variables('QRCodes'),40))}\",\n    \"Floor_Number\":\"@{first(skip(variables('Floor_Number_Array'),40))}\",\n    \"Structural_Condition\":\"@{first(skip(variables('Structural_Condition_Array'),40))}\",\n    \"Element_ID\":\"@{first(skip(variables('Element_ID_Array'),40))}\",\n    \"Remarks\":\"@{first(skip(variables('Array_Remarks'),40))}\"\n  },\n{\n    \"Name\": \"Test\",\n    \"SNo\": \"@{first(skip(variables('ArrayCounter'),41))}\",\n    \"Base64image\":\"@{first(skip(variables('QRCodes'),41))}\",\n    \"Floor_Number\":\"@{first(skip(variables('Floor_Number_Array'),41))}\",\n    \"Structural_Condition\":\"@{first(skip(variables('Structural_Condition_Array'),41))}\",\n    \"Element_ID\":\"@{first(skip(variables('Element_ID_Array'),41))}\",\n    \"Remarks\":\"@{first(skip(variables('Array_Remarks'),41))}\"\n  },\n{\n    \"Name\": \"Test\",\n    \"SNo\": \"@{first(skip(variables('ArrayCounter'),42))}\",\n    \"Base64image\":\"@{first(skip(variables('QRCodes'),42))}\",\n    \"Floor_Number\":\"@{first(skip(variables('Floor_Number_Array'),42))}\",\n    \"Structural_Condition\":\"@{first(skip(variables('Structural_Condition_Array'),42))}\",\n    \"Element_ID\":\"@{first(skip(variables('Element_ID_Array'),42))}\",\n    \"Remarks\":\"@{first(skip(variables('Array_Remarks'),42))}\"\n  },\n{\n    \"Name\": \"Test\",\n    \"SNo\": \"@{first(skip(variables('ArrayCounter'),43))}\",\n    \"Base64image\":\"@{first(skip(variables('QRCodes'),43))}\",\n    \"Floor_Number\":\"@{first(skip(variables('Floor_Number_Array'),43))}\",\n    \"Structural_Condition\":\"@{first(skip(variables('Structural_Condition_Array'),43))}\",\n    \"Element_ID\":\"@{first(skip(variables('Element_ID_Array'),43))}\",\n    \"Remarks\":\"@{first(skip(variables('Array_Remarks'),43))}\"\n  },\n{\n    \"Name\": \"Test\",\n    \"SNo\": \"@{first(skip(variables('ArrayCounter'),44))}\",\n    \"Base64image\":\"@{first(skip(variables('QRCodes'),44))}\",\n    \"Floor_Number\":\"@{first(skip(variables('Floor_Number_Array'),44))}\",\n    \"Structural_Condition\":\"@{first(skip(variables('Structural_Condition_Array'),44))}\",\n    \"Element_ID\":\"@{first(skip(variables('Element_ID_Array'),44))}\",\n    \"Remarks\":\"@{first(skip(variables('Array_Remarks'),44))}\"\n  },\n{\n    \"Name\": \"Test\",\n    \"SNo\": \"@{first(skip(variables('ArrayCounter'),45))}\",\n    \"Base64image\":\"@{first(skip(variables('QRCodes'),45))}\",\n    \"Floor_Number\":\"@{first(skip(variables('Floor_Number_Array'),45))}\",\n    \"Structural_Condition\":\"@{first(skip(variables('Structural_Condition_Array'),45))}\",\n    \"Element_ID\":\"@{first(skip(variables('Element_ID_Array'),45))}\",\n    \"Remarks\":\"@{first(skip(variables('Array_Remarks'),45))}\"\n  },\n{\n    \"Name\": \"Test\",\n    \"SNo\": \"@{first(skip(variables('ArrayCounter'),46))}\",\n    \"Base64image\":\"@{first(skip(variables('QRCodes'),46))}\",\n    \"Floor_Number\":\"@{first(skip(variables('Floor_Number_Array'),46))}\",\n    \"Structural_Condition\":\"@{first(skip(variables('Structural_Condition_Array'),46))}\",\n    \"Element_ID\":\"@{first(skip(variables('Element_ID_Array'),46))}\",\n    \"Remarks\":\"@{first(skip(variables('Array_Remarks'),46))}\"\n  },\n{\n    \"Name\": \"Test\",\n    \"SNo\": \"@{first(skip(variables('ArrayCounter'),47))}\",\n    \"Base64image\":\"@{first(skip(variables('QRCodes'),47))}\",\n    \"Floor_Number\":\"@{first(skip(variables('Floor_Number_Array'),47))}\",\n    \"Structural_Condition\":\"@{first(skip(variables('Structural_Condition_Array'),47))}\",\n    \"Element_ID\":\"@{first(skip(variables('Element_ID_Array'),47))}\",\n    \"Remarks\":\"@{first(skip(variables('Array_Remarks'),47))}\"\n  },\n{\n    \"Name\": \"Test\",\n    \"SNo\": \"@{first(skip(variables('ArrayCounter'),48))}\",\n    \"Base64image\":\"@{first(skip(variables('QRCodes'),48))}\",\n    \"Floor_Number\":\"@{first(skip(variables('Floor_Number_Array'),48))}\",\n    \"Structural_Condition\":\"@{first(skip(variables('Structural_Condition_Array'),48))}\",\n    \"Element_ID\":\"@{first(skip(variables('Element_ID_Array'),48))}\",\n    \"Remarks\":\"@{first(skip(variables('Array_Remarks'),48))}\"\n  },\n{\n    \"Name\": \"Test\",\n    \"SNo\": \"@{first(skip(variables('ArrayCounter'),49))}\",\n    \"Base64image\":\"@{first(skip(variables('QRCodes'),49))}\",\n    \"Floor_Number\":\"@{first(skip(variables('Floor_Number_Array'),49))}\",\n    \"Structural_Condition\":\"@{first(skip(variables('Structural_Condition_Array'),49))}\",\n    \"Element_ID\":\"@{first(skip(variables('Element_ID_Array'),49))}\",\n    \"Remarks\":\"@{first(skip(variables('Array_Remarks'),49))}\"\n  },\n{\n    \"Name\": \"Test\",\n    \"SNo\": \"@{first(skip(variables('ArrayCounter'),50))}\",\n    \"Base64image\":\"@{first(skip(variables('QRCodes'),50))}\",\n    \"Floor_Number\":\"@{first(skip(variables('Floor_Number_Array'),50))}\",\n    \"Structural_Condition\":\"@{first(skip(variables('Structural_Condition_Array'),50))}\",\n    \"Element_ID\":\"@{first(skip(variables('Element_ID_Array'),50))}\",\n    \"Remarks\":\"@{first(skip(variables('Array_Remarks'),50))}\"\n  },\n{\n    \"Name\": \"Test\",\n    \"SNo\": \"@{first(skip(variables('ArrayCounter'),51))}\",\n    \"Base64image\":\"@{first(skip(variables('QRCodes'),51))}\",\n    \"Floor_Number\":\"@{first(skip(variables('Floor_Number_Array'),51))}\",\n    \"Structural_Condition\":\"@{first(skip(variables('Structural_Condition_Array'),51))}\",\n    \"Element_ID\":\"@{first(skip(variables('Element_ID_Array'),51))}\",\n    \"Remarks\":\"@{first(skip(variables('Array_Remarks'),51))}\"\n  },\n{\n    \"Name\": \"Test\",\n    \"SNo\": \"@{first(skip(variables('ArrayCounter'),52))}\",\n    \"Base64image\":\"@{first(skip(variables('QRCodes'),52))}\",\n    \"Floor_Number\":\"@{first(skip(variables('Floor_Number_Array'),52))}\",\n    \"Structural_Condition\":\"@{first(skip(variables('Structural_Condition_Array'),52))}\",\n    \"Element_ID\":\"@{first(skip(variables('Element_ID_Array'),52))}\",\n    \"Remarks\":\"@{first(skip(variables('Array_Remarks'),52))}\"\n  },\n{\n    \"Name\": \"Test\",\n    \"SNo\": \"@{first(skip(variables('ArrayCounter'),53))}\",\n    \"Base64image\":\"@{first(skip(variables('QRCodes'),53))}\",\n    \"Floor_Number\":\"@{first(skip(variables('Floor_Number_Array'),53))}\",\n    \"Structural_Condition\":\"@{first(skip(variables('Structural_Condition_Array'),53))}\",\n    \"Element_ID\":\"@{first(skip(variables('Element_ID_Array'),53))}\",\n    \"Remarks\":\"@{first(skip(variables('Array_Remarks'),53))}\"\n  },\n{\n    \"Name\": \"Test\",\n    \"SNo\": \"@{first(skip(variables('ArrayCounter'),54))}\",\n    \"Base64image\":\"@{first(skip(variables('QRCodes'),54))}\",\n    \"Floor_Number\":\"@{first(skip(variables('Floor_Number_Array'),54))}\",\n    \"Structural_Condition\":\"@{first(skip(variables('Structural_Condition_Array'),54))}\",\n    \"Element_ID\":\"@{first(skip(variables('Element_ID_Array'),54))}\",\n    \"Remarks\":\"@{first(skip(variables('Array_Remarks'),54))}\"\n  },\n{\n    \"Name\": \"Test\",\n    \"SNo\": \"@{first(skip(variables('ArrayCounter'),55))}\",\n    \"Base64image\":\"@{first(skip(variables('QRCodes'),55))}\",\n    \"Floor_Number\":\"@{first(skip(variables('Floor_Number_Array'),55))}\",\n    \"Structural_Condition\":\"@{first(skip(variables('Structural_Condition_Array'),55))}\",\n    \"Element_ID\":\"@{first(skip(variables('Element_ID_Array'),55))}\",\n    \"Remarks\":\"@{first(skip(variables('Array_Remarks'),55))}\"\n  },\n{\n    \"Name\": \"Test\",\n    \"SNo\": \"@{first(skip(variables('ArrayCounter'),56))}\",\n    \"Base64image\":\"@{first(skip(variables('QRCodes'),56))}\",\n    \"Floor_Number\":\"@{first(skip(variables('Floor_Number_Array'),56))}\",\n    \"Structural_Condition\":\"@{first(skip(variables('Structural_Condition_Array'),56))}\",\n    \"Element_ID\":\"@{first(skip(variables('Element_ID_Array'),56))}\",\n    \"Remarks\":\"@{first(skip(variables('Array_Remarks'),56))}\"\n  },\n{\n    \"Name\": \"Test\",\n    \"SNo\": \"@{first(skip(variables('ArrayCounter'),57))}\",\n    \"Base64image\":\"@{first(skip(variables('QRCodes'),57))}\",\n    \"Floor_Number\":\"@{first(skip(variables('Floor_Number_Array'),57))}\",\n    \"Structural_Condition\":\"@{first(skip(variables('Structural_Condition_Array'),57))}\",\n    \"Element_ID\":\"@{first(skip(variables('Element_ID_Array'),57))}\",\n    \"Remarks\":\"@{first(skip(variables('Array_Remarks'),57))}\"\n  },\n{\n    \"Name\": \"Test\",\n    \"SNo\": \"@{first(skip(variables('ArrayCounter'),58))}\",\n    \"Base64image\":\"@{first(skip(variables('QRCodes'),58))}\",\n    \"Floor_Number\":\"@{first(skip(variables('Floor_Number_Array'),58))}\",\n    \"Structural_Condition\":\"@{first(skip(variables('Structural_Condition_Array'),58))}\",\n    \"Element_ID\":\"@{first(skip(variables('Element_ID_Array'),58))}\",\n    \"Remarks\":\"@{first(skip(variables('Array_Remarks'),58))}\"\n  },\n{\n    \"Name\": \"Test\",\n    \"SNo\": \"@{first(skip(variables('ArrayCounter'),59))}\",\n    \"Base64image\":\"@{first(skip(variables('QRCodes'),59))}\",\n    \"Floor_Number\":\"@{first(skip(variables('Floor_Number_Array'),59))}\",\n    \"Structural_Condition\":\"@{first(skip(variables('Structural_Condition_Array'),59))}\",\n    \"Element_ID\":\"@{first(skip(variables('Element_ID_Array'),59))}\",\n    \"Remarks\":\"@{first(skip(variables('Array_Remarks'),59))}\"\n  },\n{\n    \"Name\": \"Test\",\n    \"SNo\": \"@{first(skip(variables('ArrayCounter'),60))}\",\n    \"Base64image\":\"@{first(skip(variables('QRCodes'),60))}\",\n    \"Floor_Number\":\"@{first(skip(variables('Floor_Number_Array'),60))}\",\n    \"Structural_Condition\":\"@{first(skip(variables('Structural_Condition_Array'),60))}\",\n    \"Element_ID\":\"@{first(skip(variables('Element_ID_Array'),60))}\",\n    \"Remarks\":\"@{first(skip(variables('Array_Remarks'),60))}\"\n  },\n{\n    \"Name\": \"Test\",\n    \"SNo\": \"@{first(skip(variables('ArrayCounter'),61))}\",\n    \"Base64image\":\"@{first(skip(variables('QRCodes'),61))}\",\n    \"Floor_Number\":\"@{first(skip(variables('Floor_Number_Array'),61))}\",\n    \"Structural_Condition\":\"@{first(skip(variables('Structural_Condition_Array'),61))}\",\n    \"Element_ID\":\"@{first(skip(variables('Element_ID_Array'),61))}\",\n    \"Remarks\":\"@{first(skip(variables('Array_Remarks'),61))}\"\n  },\n{\n    \"Name\": \"Test\",\n    \"SNo\": \"@{first(skip(variables('ArrayCounter'),62))}\",\n    \"Base64image\":\"@{first(skip(variables('QRCodes'),62))}\",\n    \"Floor_Number\":\"@{first(skip(variables('Floor_Number_Array'),62))}\",\n    \"Structural_Condition\":\"@{first(skip(variables('Structural_Condition_Array'),62))}\",\n    \"Element_ID\":\"@{first(skip(variables('Element_ID_Array'),62))}\",\n    \"Remarks\":\"@{first(skip(variables('Array_Remarks'),62))}\"\n  },\n{\n    \"Name\": \"Test\",\n    \"SNo\": \"@{first(skip(variables('ArrayCounter'),63))}\",\n    \"Base64image\":\"@{first(skip(variables('QRCodes'),63))}\",\n    \"Floor_Number\":\"@{first(skip(variables('Floor_Number_Array'),63))}\",\n    \"Structural_Condition\":\"@{first(skip(variables('Structural_Condition_Array'),63))}\",\n    \"Element_ID\":\"@{first(skip(variables('Element_ID_Array'),63))}\",\n    \"Remarks\":\"@{first(skip(variables('Array_Remarks'),63))}\"\n  },\n{\n    \"Name\": \"Test\",\n    \"SNo\": \"@{first(skip(variables('ArrayCounter'),64))}\",\n    \"Base64image\":\"@{first(skip(variables('QRCodes'),64))}\",\n    \"Floor_Number\":\"@{first(skip(variables('Floor_Number_Array'),64))}\",\n    \"Structural_Condition\":\"@{first(skip(variables('Structural_Condition_Array'),64))}\",\n    \"Element_ID\":\"@{first(skip(variables('Element_ID_Array'),64))}\",\n    \"Remarks\":\"@{first(skip(variables('Array_Remarks'),64))}\"\n  },\n{\n    \"Name\": \"Test\",\n    \"SNo\": \"@{first(skip(variables('ArrayCounter'),65))}\",\n    \"Base64image\":\"@{first(skip(variables('QRCodes'),65))}\",\n    \"Floor_Number\":\"@{first(skip(variables('Floor_Number_Array'),65))}\",\n    \"Structural_Condition\":\"@{first(skip(variables('Structural_Condition_Array'),65))}\",\n    \"Element_ID\":\"@{first(skip(variables('Element_ID_Array'),65))}\",\n    \"Remarks\":\"@{first(skip(variables('Array_Remarks'),65))}\"\n  },\n{\n    \"Name\": \"Test\",\n    \"SNo\": \"@{first(skip(variables('ArrayCounter'),66))}\",\n    \"Base64image\":\"@{first(skip(variables('QRCodes'),66))}\",\n    \"Floor_Number\":\"@{first(skip(variables('Floor_Number_Array'),66))}\",\n    \"Structural_Condition\":\"@{first(skip(variables('Structural_Condition_Array'),66))}\",\n    \"Element_ID\":\"@{first(skip(variables('Element_ID_Array'),66))}\",\n    \"Remarks\":\"@{first(skip(variables('Array_Remarks'),66))}\"\n  },\n{\n    \"Name\": \"Test\",\n    \"SNo\": \"@{first(skip(variables('ArrayCounter'),67))}\",\n    \"Base64image\":\"@{first(skip(variables('QRCodes'),67))}\",\n    \"Floor_Number\":\"@{first(skip(variables('Floor_Number_Array'),67))}\",\n    \"Structural_Condition\":\"@{first(skip(variables('Structural_Condition_Array'),67))}\",\n    \"Element_ID\":\"@{first(skip(variables('Element_ID_Array'),67))}\",\n    \"Remarks\":\"@{first(skip(variables('Array_Remarks'),67))}\"\n  },\n{\n    \"Name\": \"Test\",\n    \"SNo\": \"@{first(skip(variables('ArrayCounter'),68))}\",\n    \"Base64image\":\"@{first(skip(variables('QRCodes'),68))}\",\n    \"Floor_Number\":\"@{first(skip(variables('Floor_Number_Array'),68))}\",\n    \"Structural_Condition\":\"@{first(skip(variables('Structural_Condition_Array'),68))}\",\n    \"Element_ID\":\"@{first(skip(variables('Element_ID_Array'),68))}\",\n    \"Remarks\":\"@{first(skip(variables('Array_Remarks'),68))}\"\n  },\n{\n    \"Name\": \"Test\",\n    \"SNo\": \"@{first(skip(variables('ArrayCounter'),69))}\",\n    \"Base64image\":\"@{first(skip(variables('QRCodes'),69))}\",\n    \"Floor_Number\":\"@{first(skip(variables('Floor_Number_Array'),69))}\",\n    \"Structural_Condition\":\"@{first(skip(variables('Structural_Condition_Array'),69))}\",\n    \"Element_ID\":\"@{first(skip(variables('Element_ID_Array'),69))}\",\n    \"Remarks\":\"@{first(skip(variables('Array_Remarks'),69))}\"\n  },\n{\n    \"Name\": \"Test\",\n    \"SNo\": \"@{first(skip(variables('ArrayCounter'),70))}\",\n    \"Base64image\":\"@{first(skip(variables('QRCodes'),70))}\",\n    \"Floor_Number\":\"@{first(skip(variables('Floor_Number_Array'),70))}\",\n    \"Structural_Condition\":\"@{first(skip(variables('Structural_Condition_Array'),70))}\",\n    \"Element_ID\":\"@{first(skip(variables('Element_ID_Array'),70))}\",\n    \"Remarks\":\"@{first(skip(variables('Array_Remarks'),70))}\"\n  },\n{\n    \"Name\": \"Test\",\n    \"SNo\": \"@{first(skip(variables('ArrayCounter'),71))}\",\n    \"Base64image\":\"@{first(skip(variables('QRCodes'),71))}\",\n    \"Floor_Number\":\"@{first(skip(variables('Floor_Number_Array'),71))}\",\n    \"Structural_Condition\":\"@{first(skip(variables('Structural_Condition_Array'),71))}\",\n    \"Element_ID\":\"@{first(skip(variables('Element_ID_Array'),71))}\",\n    \"Remarks\":\"@{first(skip(variables('Array_Remarks'),71))}\"\n  },\n{\n    \"Name\": \"Test\",\n    \"SNo\": \"@{first(skip(variables('ArrayCounter'),72))}\",\n    \"Base64image\":\"@{first(skip(variables('QRCodes'),72))}\",\n    \"Floor_Number\":\"@{first(skip(variables('Floor_Number_Array'),72))}\",\n    \"Structural_Condition\":\"@{first(skip(variables('Structural_Condition_Array'),72))}\",\n    \"Element_ID\":\"@{first(skip(variables('Element_ID_Array'),72))}\",\n    \"Remarks\":\"@{first(skip(variables('Array_Remarks'),72))}\"\n  },\n{\n    \"Name\": \"Test\",\n    \"SNo\": \"@{first(skip(variables('ArrayCounter'),73))}\",\n    \"Base64image\":\"@{first(skip(variables('QRCodes'),73))}\",\n    \"Floor_Number\":\"@{first(skip(variables('Floor_Number_Array'),73))}\",\n    \"Structural_Condition\":\"@{first(skip(variables('Structural_Condition_Array'),73))}\",\n    \"Element_ID\":\"@{first(skip(variables('Element_ID_Array'),73))}\",\n    \"Remarks\":\"@{first(skip(variables('Array_Remarks'),73))}\"\n  },\n{\n    \"Name\": \"Test\",\n    \"SNo\": \"@{first(skip(variables('ArrayCounter'),74))}\",\n    \"Base64image\":\"@{first(skip(variables('QRCodes'),74))}\",\n    \"Floor_Number\":\"@{first(skip(variables('Floor_Number_Array'),74))}\",\n    \"Structural_Condition\":\"@{first(skip(variables('Structural_Condition_Array'),74))}\",\n    \"Element_ID\":\"@{first(skip(variables('Element_ID_Array'),74))}\",\n    \"Remarks\":\"@{first(skip(variables('Array_Remarks'),74))}\"\n  },\n{\n    \"Name\": \"Test\",\n    \"SNo\": \"@{first(skip(variables('ArrayCounter'),75))}\",\n    \"Base64image\":\"@{first(skip(variables('QRCodes'),75))}\",\n    \"Floor_Number\":\"@{first(skip(variables('Floor_Number_Array'),75))}\",\n    \"Structural_Condition\":\"@{first(skip(variables('Structural_Condition_Array'),75))}\",\n    \"Element_ID\":\"@{first(skip(variables('Element_ID_Array'),75))}\",\n    \"Remarks\":\"@{first(skip(variables('Array_Remarks'),75))}\"\n  },\n{\n    \"Name\": \"Test\",\n    \"SNo\": \"@{first(skip(variables('ArrayCounter'),76))}\",\n    \"Base64image\":\"@{first(skip(variables('QRCodes'),76))}\",\n    \"Floor_Number\":\"@{first(skip(variables('Floor_Number_Array'),76))}\",\n    \"Structural_Condition\":\"@{first(skip(variables('Structural_Condition_Array'),76))}\",\n    \"Element_ID\":\"@{first(skip(variables('Element_ID_Array'),76))}\",\n    \"Remarks\":\"@{first(skip(variables('Array_Remarks'),76))}\"\n  },\n{\n    \"Name\": \"Test\",\n    \"SNo\": \"@{first(skip(variables('ArrayCounter'),77))}\",\n    \"Base64image\":\"@{first(skip(variables('QRCodes'),77))}\",\n    \"Floor_Number\":\"@{first(skip(variables('Floor_Number_Array'),77))}\",\n    \"Structural_Condition\":\"@{first(skip(variables('Structural_Condition_Array'),77))}\",\n    \"Element_ID\":\"@{first(skip(variables('Element_ID_Array'),77))}\",\n    \"Remarks\":\"@{first(skip(variables('Array_Remarks'),77))}\"\n  },\n{\n    \"Name\": \"Test\",\n    \"SNo\": \"@{first(skip(variables('ArrayCounter'),78))}\",\n    \"Base64image\":\"@{first(skip(variables('QRCodes'),78))}\",\n    \"Floor_Number\":\"@{first(skip(variables('Floor_Number_Array'),78))}\",\n    \"Structural_Condition\":\"@{first(skip(variables('Structural_Condition_Array'),78))}\",\n    \"Element_ID\":\"@{first(skip(variables('Element_ID_Array'),78))}\",\n    \"Remarks\":\"@{first(skip(variables('Array_Remarks'),78))}\"\n  },\n{\n    \"Name\": \"Test\",\n    \"SNo\": \"@{first(skip(variables('ArrayCounter'),79))}\",\n    \"Base64image\":\"@{first(skip(variables('QRCodes'),79))}\",\n    \"Floor_Number\":\"@{first(skip(variables('Floor_Number_Array'),79))}\",\n    \"Structural_Condition\":\"@{first(skip(variables('Structural_Condition_Array'),79))}\",\n    \"Element_ID\":\"@{first(skip(variables('Element_ID_Array'),79))}\",\n    \"Remarks\":\"@{first(skip(variables('Array_Remarks'),79))}\"\n  },\n{\n    \"Name\": \"Test\",\n    \"SNo\": \"@{first(skip(variables('ArrayCounter'),80))}\",\n    \"Base64image\":\"@{first(skip(variables('QRCodes'),80))}\",\n    \"Floor_Number\":\"@{first(skip(variables('Floor_Number_Array'),80))}\",\n    \"Structural_Condition\":\"@{first(skip(variables('Structural_Condition_Array'),80))}\",\n    \"Element_ID\":\"@{first(skip(variables('Element_ID_Array'),80))}\",\n    \"Remarks\":\"@{first(skip(variables('Array_Remarks'),80))}\"\n  },\n{\n    \"Name\": \"Test\",\n    \"SNo\": \"@{first(skip(variables('ArrayCounter'),81))}\",\n    \"Base64image\":\"@{first(skip(variables('QRCodes'),81))}\",\n    \"Floor_Number\":\"@{first(skip(variables('Floor_Number_Array'),81))}\",\n    \"Structural_Condition\":\"@{first(skip(variables('Structural_Condition_Array'),81))}\",\n    \"Element_ID\":\"@{first(skip(variables('Element_ID_Array'),81))}\",\n    \"Remarks\":\"@{first(skip(variables('Array_Remarks'),81))}\"\n  },\n{\n    \"Name\": \"Test\",\n    \"SNo\": \"@{first(skip(variables('ArrayCounter'),82))}\",\n    \"Base64image\":\"@{first(skip(variables('QRCodes'),82))}\",\n    \"Floor_Number\":\"@{first(skip(variables('Floor_Number_Array'),82))}\",\n    \"Structural_Condition\":\"@{first(skip(variables('Structural_Condition_Array'),82))}\",\n    \"Element_ID\":\"@{first(skip(variables('Element_ID_Array'),82))}\",\n    \"Remarks\":\"@{first(skip(variables('Array_Remarks'),82))}\"\n  },\n{\n    \"Name\": \"Test\",\n    \"SNo\": \"@{first(skip(variables('ArrayCounter'),83))}\",\n    \"Base64image\":\"@{first(skip(variables('QRCodes'),83))}\",\n    \"Floor_Number\":\"@{first(skip(variables('Floor_Number_Array'),83))}\",\n    \"Structural_Condition\":\"@{first(skip(variables('Structural_Condition_Array'),83))}\",\n    \"Element_ID\":\"@{first(skip(variables('Element_ID_Array'),83))}\",\n    \"Remarks\":\"@{first(skip(variables('Array_Remarks'),83))}\"\n  },\n{\n    \"Name\": \"Test\",\n    \"SNo\": \"@{first(skip(variables('ArrayCounter'),84))}\",\n    \"Base64image\":\"@{first(skip(variables('QRCodes'),84))}\",\n    \"Floor_Number\":\"@{first(skip(variables('Floor_Number_Array'),84))}\",\n    \"Structural_Condition\":\"@{first(skip(variables('Structural_Condition_Array'),84))}\",\n    \"Element_ID\":\"@{first(skip(variables('Element_ID_Array'),84))}\",\n    \"Remarks\":\"@{first(skip(variables('Array_Remarks'),84))}\"\n  },\n{\n    \"Name\": \"Test\",\n    \"SNo\": \"@{first(skip(variables('ArrayCounter'),85))}\",\n    \"Base64image\":\"@{first(skip(variables('QRCodes'),85))}\",\n    \"Floor_Number\":\"@{first(skip(variables('Floor_Number_Array'),85))}\",\n    \"Structural_Condition\":\"@{first(skip(variables('Structural_Condition_Array'),85))}\",\n    \"Element_ID\":\"@{first(skip(variables('Element_ID_Array'),85))}\",\n    \"Remarks\":\"@{first(skip(variables('Array_Remarks'),85))}\"\n  },\n{\n    \"Name\": \"Test\",\n    \"SNo\": \"@{first(skip(variables('ArrayCounter'),86))}\",\n    \"Base64image\":\"@{first(skip(variables('QRCodes'),86))}\",\n    \"Floor_Number\":\"@{first(skip(variables('Floor_Number_Array'),86))}\",\n    \"Structural_Condition\":\"@{first(skip(variables('Structural_Condition_Array'),86))}\",\n    \"Element_ID\":\"@{first(skip(variables('Element_ID_Array'),86))}\",\n    \"Remarks\":\"@{first(skip(variables('Array_Remarks'),86))}\"\n  },\n{\n    \"Name\": \"Test\",\n    \"SNo\": \"@{first(skip(variables('ArrayCounter'),87))}\",\n    \"Base64image\":\"@{first(skip(variables('QRCodes'),87))}\",\n    \"Floor_Number\":\"@{first(skip(variables('Floor_Number_Array'),87))}\",\n    \"Structural_Condition\":\"@{first(skip(variables('Structural_Condition_Array'),87))}\",\n    \"Element_ID\":\"@{first(skip(variables('Element_ID_Array'),87))}\",\n    \"Remarks\":\"@{first(skip(variables('Array_Remarks'),87))}\"\n  },\n{\n    \"Name\": \"Test\",\n    \"SNo\": \"@{first(skip(variables('ArrayCounter'),88))}\",\n    \"Base64image\":\"@{first(skip(variables('QRCodes'),88))}\",\n    \"Floor_Number\":\"@{first(skip(variables('Floor_Number_Array'),88))}\",\n    \"Structural_Condition\":\"@{first(skip(variables('Structural_Condition_Array'),88))}\",\n    \"Element_ID\":\"@{first(skip(variables('Element_ID_Array'),88))}\",\n    \"Remarks\":\"@{first(skip(variables('Array_Remarks'),88))}\"\n  },\n{\n    \"Name\": \"Test\",\n    \"SNo\": \"@{first(skip(variables('ArrayCounter'),89))}\",\n    \"Base64image\":\"@{first(skip(variables('QRCodes'),89))}\",\n    \"Floor_Number\":\"@{first(skip(variables('Floor_Number_Array'),89))}\",\n    \"Structural_Condition\":\"@{first(skip(variables('Structural_Condition_Array'),89))}\",\n    \"Element_ID\":\"@{first(skip(variables('Element_ID_Array'),89))}\",\n    \"Remarks\":\"@{first(skip(variables('Array_Remarks'),89))}\"\n  },\n{\n    \"Name\": \"Test\",\n    \"SNo\": \"@{first(skip(variables('ArrayCounter'),90))}\",\n    \"Base64image\":\"@{first(skip(variables('QRCodes'),90))}\",\n    \"Floor_Number\":\"@{first(skip(variables('Floor_Number_Array'),90))}\",\n    \"Structural_Condition\":\"@{first(skip(variables('Structural_Condition_Array'),90))}\",\n    \"Element_ID\":\"@{first(skip(variables('Element_ID_Array'),90))}\",\n    \"Remarks\":\"@{first(skip(variables('Array_Remarks'),90))}\"\n  },\n{\n    \"Name\": \"Test\",\n    \"SNo\": \"@{first(skip(variables('ArrayCounter'),91))}\",\n    \"Base64image\":\"@{first(skip(variables('QRCodes'),91))}\",\n    \"Floor_Number\":\"@{first(skip(variables('Floor_Number_Array'),91))}\",\n    \"Structural_Condition\":\"@{first(skip(variables('Structural_Condition_Array'),91))}\",\n    \"Element_ID\":\"@{first(skip(variables('Element_ID_Array'),91))}\",\n    \"Remarks\":\"@{first(skip(variables('Array_Remarks'),91))}\"\n  },\n{\n    \"Name\": \"Test\",\n    \"SNo\": \"@{first(skip(variables('ArrayCounter'),92))}\",\n    \"Base64image\":\"@{first(skip(variables('QRCodes'),92))}\",\n    \"Floor_Number\":\"@{first(skip(variables('Floor_Number_Array'),92))}\",\n    \"Structural_Condition\":\"@{first(skip(variables('Structural_Condition_Array'),92))}\",\n    \"Element_ID\":\"@{first(skip(variables('Element_ID_Array'),92))}\",\n    \"Remarks\":\"@{first(skip(variables('Array_Remarks'),92))}\"\n  },\n{\n    \"Name\": \"Test\",\n    \"SNo\": \"@{first(skip(variables('ArrayCounter'),93))}\",\n    \"Base64image\":\"@{first(skip(variables('QRCodes'),93))}\",\n    \"Floor_Number\":\"@{first(skip(variables('Floor_Number_Array'),93))}\",\n    \"Structural_Condition\":\"@{first(skip(variables('Structural_Condition_Array'),93))}\",\n    \"Element_ID\":\"@{first(skip(variables('Element_ID_Array'),93))}\",\n    \"Remarks\":\"@{first(skip(variables('Array_Remarks'),93))}\"\n  },\n{\n    \"Name\": \"Test\",\n    \"SNo\": \"@{first(skip(variables('ArrayCounter'),94))}\",\n    \"Base64image\":\"@{first(skip(variables('QRCodes'),94))}\",\n    \"Floor_Number\":\"@{first(skip(variables('Floor_Number_Array'),94))}\",\n    \"Structural_Condition\":\"@{first(skip(variables('Structural_Condition_Array'),94))}\",\n    \"Element_ID\":\"@{first(skip(variables('Element_ID_Array'),94))}\",\n    \"Remarks\":\"@{first(skip(variables('Array_Remarks'),94))}\"\n  },\n{\n    \"Name\": \"Test\",\n    \"SNo\": \"@{first(skip(variables('ArrayCounter'),95))}\",\n    \"Base64image\":\"@{first(skip(variables('QRCodes'),95))}\",\n    \"Floor_Number\":\"@{first(skip(variables('Floor_Number_Array'),95))}\",\n    \"Structural_Condition\":\"@{first(skip(variables('Structural_Condition_Array'),95))}\",\n    \"Element_ID\":\"@{first(skip(variables('Element_ID_Array'),95))}\",\n    \"Remarks\":\"@{first(skip(variables('Array_Remarks'),95))}\"\n  },\n{\n    \"Name\": \"Test\",\n    \"SNo\": \"@{first(skip(variables('ArrayCounter'),96))}\",\n    \"Base64image\":\"@{first(skip(variables('QRCodes'),96))}\",\n    \"Floor_Number\":\"@{first(skip(variables('Floor_Number_Array'),96))}\",\n    \"Structural_Condition\":\"@{first(skip(variables('Structural_Condition_Array'),96))}\",\n    \"Element_ID\":\"@{first(skip(variables('Element_ID_Array'),96))}\",\n    \"Remarks\":\"@{first(skip(variables('Array_Remarks'),96))}\"\n  },\n{\n    \"Name\": \"Test\",\n    \"SNo\": \"@{first(skip(variables('ArrayCounter'),97))}\",\n    \"Base64image\":\"@{first(skip(variables('QRCodes'),97))}\",\n    \"Floor_Number\":\"@{first(skip(variables('Floor_Number_Array'),97))}\",\n    \"Structural_Condition\":\"@{first(skip(variables('Structural_Condition_Array'),97))}\",\n    \"Element_ID\":\"@{first(skip(variables('Element_ID_Array'),97))}\",\n    \"Remarks\":\"@{first(skip(variables('Array_Remarks'),97))}\"\n  }]\n}","operation/jsonParseMode":"Standard","operation/allowMissingMembers":true,"operation/inlineErrorMessages":false,"operation/removeEmptyParagraphs":false,"operation/dateTimeFormat":"","operation/timezone":"Default"},"host":{"apiId":"/providers/Microsoft.PowerApps/apis/shared_encodiandocumentmanager","connectionName":"shared_encodiandocumentmanager","operationId":"PopulateWordDocument"},"authentication":{"value":"@json(decodeBase64(triggerOutputs().headers['X-MS-APIM-Tokens']))['$ConnectionKey']","type":"Raw"}}},"Create_file":{"runAfter":{"Populate_Word_Document":["Succeeded"]},"metadata":{"operationMetadataId":"f90d344a-d867-4e97-9189-6821f09f3c7e"},"type":"OpenApiConnection","inputs":{"parameters":{"dataset":"https://ecasejsh.sharepoint.com/sites/StructuralInspection","folderPath":"/Shared Documents/02_AutoGenerated Reports","name":"@{triggerBody()['text_1']}.docx","body":"@outputs('Populate_Word_Document')?['body/FileContent']"},"host":{"apiId":"/providers/Microsoft.PowerApps/apis/shared_sharepointonline","connectionName":"shared_sharepointonline","operationId":"CreateFile"},"authentication":{"value":"@json(decodeBase64(triggerOutputs().headers['X-MS-APIM-Tokens']))['$ConnectionKey']","type":"Raw"}},"runtimeConfiguration":{"contentTransfer":{"transferMode":"Chunked"}}},"Send_an_email_(V2)":{"runAfter":{"Compose_word_file_address":["Succeeded"]},"metadata":{"operationMetadataId":"870f21f3-20db-41a4-883a-af03a0708081"},"type":"OpenApiConnection","inputs":{"parameters":{"emailMessage/To":"@triggerBody()?['text_2']","emailMessage/Subject":"New Report Generated","emailMessage/Body":"<p>Hello @{substring(triggerBody()?['text_2'],0,indexOf(triggerBody()?['text_2'],'@'))},</p><br><p>We hope this message finds you well.</p><br><p>We are pleased to inform you that @{outputs('Create_file')?['body/Name']} has been auto-generated by our system and is now available for your review. The images captured through our app have been successfully saved in SharePoint folder and compiled into this report.</p><br><p>Please find the report<a href=\"@{outputs('Compose_word_file_address')}\"> <u><b><strong>HERE</strong></b></u> </a>for your reference.</p><br><p>Kind Regards,</p><p>ECAS Consultants Pte Ltd</p>","emailMessage/Importance":"Normal"},"host":{"apiId":"/providers/Microsoft.PowerApps/apis/shared_office365","connectionName":"shared_office365","operationId":"SendEmailV2"},"authentication":{"value":"@json(decodeBase64(triggerOutputs().headers['X-MS-APIM-Tokens']))['$ConnectionKey']","type":"Raw"}}},"Compose_word_file_address":{"runAfter":{"Create_file":["Succeeded"]},"type":"Compose","inputs":"@concat('https://ecasejsh.sharepoint.com/sites/StructuralInspection',outputs('Create_file')?['body/Path'])"},"Initialize_counter":{"runAfter":{"For_each":["Succeeded"]},"type":"InitializeVariable","inputs":{"variables":[{"name":"counter","type":"integer","value":0}]}},"Initialize_Array_counter":{"runAfter":{"Initialize_counter":["Succeeded"]},"type":"InitializeVariable","inputs":{"variables":[{"name":"ArrayCounter","type":"array","value":[]}]}}},"outputs":{},"description":"Add a new items into a SharePoint list and then send an email when a button or link in Power Apps is selected."},"connectionReferences":{"shared_sharepointonline":{"connectionName":"1ebccc9f5eb34a0f8e5b187742ca8959","source":"Invoker","id":"/providers/Microsoft.PowerApps/apis/shared_sharepointonline","tier":"NotSpecified"},"shared_encodiandocumentmanager":{"connectionName":"shared-encodiandocum-51a051cf-e6e0-4b35-906a-2729c6caecf7","source":"Invoker","id":"/providers/Microsoft.PowerApps/apis/shared_encodiandocumentmanager","tier":"NotSpecified"},"shared_office365":{"connectionName":"shared-office365-11328aed-12d5-4d88-af1b-4f8de6bd1756","source":"Invoker","id":"/providers/Microsoft.PowerApps/apis/shared_office365","tier":"NotSpecified"}},"flowFailureAlertSubscribed":false,"isManaged":false}}