{"name":"5280a475-f964-48b9-8321-b917ea5a20c0","id":"/providers/Microsoft.Flow/flows/5280a475-f964-48b9-8321-b917ea5a20c0","type":"Microsoft.Flow/flows","properties":{"apiId":"/providers/Microsoft.PowerApps/apis/shared_logicflows","displayName":"TestCreateFolder","definition":{"metadata":{"workflowEntityId":null,"processAdvisorMetadata":null,"flowChargedByPaygo":null,"flowclientsuspensionreason":"None","flowclientsuspensiontime":null,"flowclientsuspensionreasondetails":null,"creator":{"id":"168aa603-3cb6-4653-a2f4-14142f613e02","type":"User","tenantId":"01a6e732-6e79-4028-8ab6-913e5e261c4d"},"provisioningMethod":"FromDefinition","failureAlertSubscription":true,"clientLastModifiedTime":"2024-06-19T06:42:23.7139238Z","connectionKeySavedTimeKey":"2024-06-19T06:42:23.7139238Z"},"$schema":"https://schema.management.azure.com/providers/Microsoft.Logic/schemas/2016-06-01/workflowdefinition.json#","contentVersion":"1.0.0.0","parameters":{"$authentication":{"defaultValue":{},"type":"SecureObject"},"$connections":{"defaultValue":{},"type":"Object"}},"triggers":{"manual":{"metadata":{"operationMetadataId":"d626f859-fe49-4bb8-b7a8-7683efead29a"},"type":"Request","kind":"PowerAppV2","inputs":{"schema":{"type":"object","properties":{"text":{"title":"FolderName","type":"string","x-ms-dynamically-added":true,"description":"Please enter your input","x-ms-content-hint":"TEXT"}},"required":["text"]}}}},"actions":{"Create_new_folder":{"runAfter":{},"metadata":{"operationMetadataId":"bfd5525e-56e7-4553-b89f-185f736261cb"},"type":"OpenApiConnection","inputs":{"parameters":{"dataset":"https://ecasejsh.sharepoint.com/sites/StructuralInspection","table":"f11f391d-2f4f-4b1d-8255-68ccfede67bf","parameters/path":"@triggerBody()['text']"},"host":{"apiId":"/providers/Microsoft.PowerApps/apis/shared_sharepointonline","connectionName":"shared_sharepointonline","operationId":"CreateNewFolder"},"authentication":{"value":"@json(decodeBase64(triggerOutputs().headers['X-MS-APIM-Tokens']))['$ConnectionKey']","type":"Raw"}}}},"outputs":{},"description":"Add a new items into a SharePoint list and then send an email when a button or link in Power Apps is selected."},"connectionReferences":{"shared_sharepointonline":{"connectionName":"1ebccc9f5eb34a0f8e5b187742ca8959","source":"Invoker","id":"/providers/Microsoft.PowerApps/apis/shared_sharepointonline","tier":"NotSpecified"}},"flowFailureAlertSubscribed":false,"isManaged":false}}