{"name":"ae7a141d-4b64-4049-9047-3a80e29b9a70","id":"/providers/Microsoft.Flow/flows/ae7a141d-4b64-4049-9047-3a80e29b9a70","type":"Microsoft.Flow/flows","properties":{"apiId":"/providers/Microsoft.PowerApps/apis/shared_logicflows","displayName":"Save files to folder","definition":{"metadata":{"workflowEntityId":null,"processAdvisorMetadata":null,"flowChargedByPaygo":null,"flowclientsuspensionreason":"None","flowclientsuspensiontime":null,"flowclientsuspensionreasondetails":null,"creator":{"id":"168aa603-3cb6-4653-a2f4-14142f613e02","type":"User","tenantId":"01a6e732-6e79-4028-8ab6-913e5e261c4d"},"provisioningMethod":"FromDefinition","failureAlertSubscription":true,"clientLastModifiedTime":"2024-06-20T12:31:47.9759084Z","connectionKeySavedTimeKey":"2024-06-20T12:31:47.9759084Z"},"$schema":"https://schema.management.azure.com/providers/Microsoft.Logic/schemas/2016-06-01/workflowdefinition.json#","contentVersion":"1.0.0.0","parameters":{"$connections":{"defaultValue":{},"type":"Object"},"$authentication":{"defaultValue":{},"type":"SecureObject"}},"triggers":{"manual":{"metadata":{"operationMetadataId":"5a26a95d-e51c-4c1a-bb25-a980119fcdb2"},"type":"Request","kind":"PowerAppV2","inputs":{"schema":{"type":"object","properties":{"text":{"title":"AskInPowerApps1","type":"string","x-ms-dynamically-added":true,"description":"Please enter your input","x-ms-content-hint":"TEXT"},"text_1":{"description":"Please enter your input","title":"AskFolderName","type":"string","x-ms-content-hint":"TEXT","x-ms-dynamically-added":true}},"required":["text","text_1"]}}}},"actions":{"photoJSON":{"runAfter":{"folderNameVariable":["Succeeded"]},"metadata":{"operationMetadataId":"eade6559-14bf-4322-b2e3-42d0c047bec0"},"type":"InitializeVariable","inputs":{"variables":[{"name":"photoJSON","type":"string","value":"@triggerBody()['text']"}]}},"Compose_photo_JSON":{"runAfter":{"photoJSON":["Succeeded"]},"metadata":{"operationMetadataId":"6d97b28c-b831-4a10-accf-26e6c2d4e32e"},"type":"Compose","inputs":"@json(variables('photoJSON'))"},"Parse_JSON":{"runAfter":{"Compose_photo_JSON":["Succeeded"]},"metadata":{"operationMetadataId":"d488aec8-1b03-42aa-a588-f2f8dbd0325c"},"type":"ParseJson","inputs":{"content":"@outputs('Compose_photo_JSON')","schema":{"type":"array","items":{"type":"object","properties":{"DataSteam":{"type":"string"},"ElementID":{"type":"string"},"Floor":{"type":"string"},"Remarks":{"type":"string"},"StructureCondition":{"type":"string"},"Title":{"type":"string"}},"required":["DataSteam","ElementID","Floor","Remarks","StructureCondition","Title"]}}}},"Apply_to_each":{"foreach":"@body('Parse_JSON')","actions":{"Create_file":{"runAfter":{},"metadata":{"operationMetadataId":"8568319b-ccb3-4c12-9c34-a7532bf7c75f"},"type":"OpenApiConnection","inputs":{"host":{"apiId":"/providers/Microsoft.PowerApps/apis/shared_sharepointonline","connectionName":"shared_sharepointonline","operationId":"CreateFile"},"parameters":{"dataset":"https://ecasejsh.sharepoint.com/sites/StructuralInspection","folderPath":"@outputs('Compose_folderName')","name":"@items('Apply_to_each')['Title']","body":"@dataUriToBinary(items('Apply_to_each')['DataSteam'])"},"authentication":{"value":"@json(decodeBase64(triggerOutputs().headers['X-MS-APIM-Tokens']))['$ConnectionKey']","type":"Raw"}},"runtimeConfiguration":{"contentTransfer":{"transferMode":"Chunked"}}},"encoded_path":{"runAfter":{"Compose_path":["Succeeded"]},"metadata":{"operationMetadataId":"365b8de0-8ac6-404f-b21e-4ffbdd012d89"},"type":"Compose","inputs":"@encodeUriComponent(concat('/sites/StructuralInspection',outputs('Create_file')?['body/Path']))"},"Send_an_HTTP_request_to_SharePoint":{"runAfter":{"ComposeURI":["Succeeded"]},"metadata":{"operationMetadataId":"b6f19284-c4f1-4444-bf21-fd4d5ad40a43"},"type":"OpenApiConnection","inputs":{"host":{"apiId":"/providers/Microsoft.PowerApps/apis/shared_sharepointonline","connectionName":"shared_sharepointonline","operationId":"HttpRequest"},"parameters":{"dataset":"https://ecasejsh.sharepoint.com/sites/StructuralInspection","parameters/method":"POST","parameters/uri":"@outputs('ComposeURI')","parameters/headers":{"Accept":"application/json;odata=verbose","Content-Type":"application/json;odata=verbose","X-HTTP-Method":"MERGE","If-Match":"*"},"parameters/body":"{\n  \"__metadata\": { \"type\": \"SP.Data.Image_x0020_LibraryItem\" },\n  \"Floor_Number\": \"@{items('Apply_to_each')['Floor']}\",\n  \"Element_ID\": \"@{items('Apply_to_each')['ElementID']}\",\n  \"Structural_Condition\": \"@{items('Apply_to_each')['StructureCondition']}\",\n  \"Remarks\": \"@{items('Apply_to_each')['Remarks']}\"\n}"},"authentication":{"value":"@json(decodeBase64(triggerOutputs().headers['X-MS-APIM-Tokens']))['$ConnectionKey']","type":"Raw"}}},"Compose_body":{"runAfter":{"Create_file":["Succeeded"]},"metadata":{"operationMetadataId":"550b7a32-cf96-4962-af31-1c64593c9a05"},"type":"Compose","inputs":"@outputs('Create_file')?['body/ItemId']"},"Compose_id":{"runAfter":{"Compose_body":["Succeeded"]},"metadata":{"operationMetadataId":"ff1021ab-e909-47ef-9f5b-bbeed5eccb61"},"type":"Compose","inputs":"@outputs('Create_file')?['body/Id']"},"Compose_path":{"runAfter":{"Compose_id":["Succeeded"]},"metadata":{"operationMetadataId":"e8fc6e45-0e1d-4c2f-9119-8ff1461b8f1a"},"type":"Compose","inputs":"@outputs('Create_file')?['body/Path']"},"ComposeURI":{"runAfter":{"encoded_path":["Succeeded"]},"metadata":{"operationMetadataId":"dd1cc66d-0c75-4cee-b752-4eb034e05e25"},"type":"Compose","inputs":"@concat('_api/web/GetFileByServerRelativePath(decodedurl=''',outputs('encoded_path'),''')/ListItemAllFields')"}},"runAfter":{"folderName_URI":["Succeeded"]},"metadata":{"operationMetadataId":"ecfc96ca-1599-4f22-9304-786726912767"},"type":"Foreach"},"folderNameVariable":{"runAfter":{},"metadata":{"operationMetadataId":"bff949f7-9a36-462e-a040-d27ce63107e9"},"type":"InitializeVariable","inputs":{"variables":[{"name":"folderNameInImageLibrary","type":"string","value":"@{triggerBody()['text_1']}"}]}},"Compose_folderName":{"runAfter":{"Parse_JSON":["Succeeded"]},"metadata":{"operationMetadataId":"fbef2c5c-17f1-48a2-ab95-f21513b9ee59"},"type":"Compose","inputs":"/Image Library/@{variables('folderNameInImageLibrary')}"},"folderName_URI":{"runAfter":{"Compose_folderName":["Succeeded"]},"metadata":{"operationMetadataId":"d4afb608-6eb9-408d-a8e2-abdc5530361f"},"type":"Compose","inputs":"@uriComponent(triggerBody()?['text_1'])"}},"outputs":{},"description":"Add a new items into a SharePoint list and then send an email when a button or link in Power Apps is selected."},"connectionReferences":{"shared_sharepointonline":{"connectionName":"1ebccc9f5eb34a0f8e5b187742ca8959","source":"Invoker","id":"/providers/Microsoft.PowerApps/apis/shared_sharepointonline","tier":"NotSpecified"}},"flowFailureAlertSubscribed":false,"isManaged":false}}