{"name":"908e4df4-1c3a-4148-b2d9-df00630e85c8","id":"/providers/Microsoft.Flow/flows/908e4df4-1c3a-4148-b2d9-df00630e85c8","type":"Microsoft.Flow/flows","properties":{"apiId":"/providers/Microsoft.PowerApps/apis/shared_logicflows","displayName":"AddSharePointListToWordDocument","definition":{"metadata":{"workflowEntityId":null,"processAdvisorMetadata":null,"flowChargedByPaygo":null,"flowclientsuspensionreason":"None","flowclientsuspensiontime":null,"flowclientsuspensionreasondetails":null,"creator":{"id":"168aa603-3cb6-4653-a2f4-14142f613e02","type":"User","tenantId":"01a6e732-6e79-4028-8ab6-913e5e261c4d"},"provisioningMethod":"FromDefinition","failureAlertSubscription":true,"clientLastModifiedTime":"2024-06-26T02:44:41.8974536Z","connectionKeySavedTimeKey":"2024-06-26T02:44:41.8974536Z"},"$schema":"https://schema.management.azure.com/providers/Microsoft.Logic/schemas/2016-06-01/workflowdefinition.json#","contentVersion":"1.0.0.0","parameters":{"$authentication":{"defaultValue":{},"type":"SecureObject"},"$connections":{"defaultValue":{},"type":"Object"}},"triggers":{"manual":{"metadata":{"operationMetadataId":"de616a0e-29ba-4d13-b497-2a4146563537"},"type":"Request","kind":"PowerAppV2","inputs":{"schema":{"type":"object","properties":{"text":{"description":"Please enter your input","title":"folderName1","type":"string","x-ms-content-hint":"TEXT","x-ms-dynamically-added":true},"text_1":{"title":"fileName","type":"string","x-ms-dynamically-added":true,"description":"Please enter your input","x-ms-content-hint":"TEXT"},"text_2":{"description":"Please enter your input","title":"emailID","type":"string","x-ms-content-hint":"TEXT","x-ms-dynamically-added":true}},"required":["text","text_1","text_2"]}}}},"actions":{"Send_an_HTTP_request_to_SharePoint":{"runAfter":{"convert_folder_name_to_binary":["Succeeded"]},"metadata":{"operationMetadataId":"57b9aeac-00ac-4810-ac7e-793141ea919a"},"type":"OpenApiConnection","inputs":{"parameters":{"dataset":"https://ecasejsh.sharepoint.com/sites/StructuralInspection","parameters/method":"GET","parameters/uri":"_api/web/GetFolderByServerRelativeUrl('/sites/StructuralInspection/Image%20Library/@{outputs('convert_folder_name_to_binary')}')/Files"},"host":{"apiId":"/providers/Microsoft.PowerApps/apis/shared_sharepointonline","connectionName":"shared_sharepointonline","operationId":"HttpRequest"},"authentication":{"value":"@json(decodeBase64(triggerOutputs().headers['X-MS-APIM-Tokens']))['$ConnectionKey']","type":"Raw"}}},"convert_folder_name_to_binary":{"runAfter":{},"metadata":{"operationMetadataId":"df17dbba-87a4-43d4-82a8-0f605106b273"},"type":"Compose","inputs":"@uriComponent(triggerBody()?['text'])"},"imageName":{"runAfter":{"Parse_JSON":["Succeeded"]},"metadata":{"operationMetadataId":"5679c079-a1d3-4b6a-9168-fd528ffae4bd"},"type":"InitializeVariable","inputs":{"variables":[{"name":"imageName","type":"array","value":[]}]}},"Apply_to_each":{"foreach":"@body('Send_an_HTTP_request_to_SharePoint')?['d']['results']","actions":{"Append_to_imageName":{"runAfter":{"Append_to_Image_ID":["Succeeded"]},"metadata":{"operationMetadataId":"5c920a3a-22a3-4e1a-b6c0-58be3e1714ab"},"type":"AppendToArrayVariable","inputs":{"name":"imageName","value":"@items('Apply_to_each')['Name']"}},"Get_file_content_using_path":{"runAfter":{"Append_to_serverRelativeUrl_Substring":["Succeeded"]},"metadata":{"operationMetadataId":"4c5fc5c8-6e73-4a05-a9df-4449139b6ac4"},"type":"OpenApiConnection","inputs":{"parameters":{"dataset":"https://ecasejsh.sharepoint.com/sites/StructuralInspection","path":"@substring(items('Apply_to_each')['ServerRelativeUrl'],27)","inferContentType":true},"host":{"apiId":"/providers/Microsoft.PowerApps/apis/shared_sharepointonline","connectionName":"shared_sharepointonline","operationId":"GetFileContentByPath"},"authentication":{"value":"@json(decodeBase64(triggerOutputs().headers['X-MS-APIM-Tokens']))['$ConnectionKey']","type":"Raw"}}},"Append_to_serverRelativeUrl":{"runAfter":{"Append_to_imageName":["Succeeded"]},"metadata":{"operationMetadataId":"6010de7a-2a6f-42f4-b9ba-4ffd9a4403ed"},"type":"AppendToStringVariable","inputs":{"name":"serverRelativeUrl","value":"@items('Apply_to_each')['ServerRelativeUrl']"}},"Append_to_serverRelativeUrl_Substring":{"runAfter":{"Append_to_serverRelativeUrl":["Succeeded"]},"metadata":{"operationMetadataId":"1346e437-caff-46fa-8d95-350784c4be55"},"type":"AppendToStringVariable","inputs":{"name":"Substring_serverRelativeUrl","value":"@substring(items('Apply_to_each')['ServerRelativeUrl'],27)"}},"Append_to_array_QRCodes":{"runAfter":{"Compose_Store_Image_Content":["Succeeded"]},"metadata":{"operationMetadataId":"e03847c5-68d6-4e8d-9328-bcd7cb20b3a0"},"type":"AppendToArrayVariable","inputs":{"name":"QRCodes","value":"@base64(body('Get_file_content_using_path'))"}},"Compose_Store_Image_Content":{"runAfter":{"Get_file_content_using_path":["Succeeded"]},"metadata":{"operationMetadataId":"79541763-9a19-43f2-8dc4-48b2b83047bd"},"type":"Compose","inputs":"@base64(body('Get_file_content_using_path'))"},"Append_to_Image_ID":{"metadata":{"operationMetadataId":"55a50f84-d1ba-422f-8d21-3b87c26db924"},"type":"AppendToStringVariable","inputs":{"name":"imageID","value":"@items('Apply_to_each')['UniqueId']"}}},"runAfter":{"For_each":["Succeeded"]},"metadata":{"operationMetadataId":"dd918409-fd6a-4894-8c68-b10153c46123"},"type":"Foreach"},"serverRelativeUrl":{"runAfter":{"imageID":["Succeeded"]},"metadata":{"operationMetadataId":"a2c74109-8a72-495d-b5de-62ee16849094"},"type":"InitializeVariable","inputs":{"variables":[{"name":"serverRelativeUrl","type":"string"}]}},"Substring_serverRelativeUrl":{"runAfter":{"serverRelativeUrl":["Succeeded"]},"metadata":{"operationMetadataId":"1fa60c6c-52eb-47d7-8e15-08f7789c812c"},"type":"InitializeVariable","inputs":{"variables":[{"name":"Substring_serverRelativeUrl","type":"string"}]}},"QRCodes":{"runAfter":{"Substring_serverRelativeUrl":["Succeeded"]},"metadata":{"operationMetadataId":"9a4fc9e9-b78f-499e-ba70-76af34134b3a"},"type":"InitializeVariable","inputs":{"variables":[{"name":"QRCodes","type":"array","value":[]}]}},"Get_Template_from_SharePoint_Document_Library":{"runAfter":{"Apply_to_each":["Succeeded"]},"metadata":{"operationMetadataId":"9d01fa1a-ef18-4898-a794-408b39eafb59"},"type":"OpenApiConnection","inputs":{"parameters":{"dataset":"https://ecasejsh.sharepoint.com/sites/StructuralInspection","path":"/Shared Documents/Encodian_Template/ECAS_Sheet Template.docx","inferContentType":true},"host":{"apiId":"/providers/Microsoft.PowerApps/apis/shared_sharepointonline","connectionName":"shared_sharepointonline","operationId":"GetFileContentByPath"},"authentication":{"value":"@json(decodeBase64(triggerOutputs().headers['X-MS-APIM-Tokens']))['$ConnectionKey']","type":"Raw"}}},"Initialize_DATA_variable":{"runAfter":{"Get_Template_from_SharePoint_Document_Library":["Succeeded"]},"metadata":{"operationMetadataId":"aeed1cd0-155d-41d4-93e7-fc45992855fa"},"type":"InitializeVariable","inputs":{"variables":[{"name":"Data","type":"string","value":"{\n  \"QRCodes\": [\n  {\n    \"Name\": \"Test\",\n    \"Base64image\":\"@{first(variables('QRCodes'))}\"\n  },\n  {\n    \"Name\": \"Test\",\n    \"Base64image\":\"@{first(skip(variables('QRCodes'),1))}\"\n  },\n  {\n    \"Name\": \"Test\",\n    \"Base64image\":\"@{first(skip(variables('QRCodes'),2))}\"\n  },\n  {\n    \"Name\": \"Test\",\n    \"Base64image\":\"@{first(skip(variables('QRCodes'),3))}\"\n  },\n{\n    \"Name\": \"Test\",\n    \"Base64image\":\"@{first(skip(variables('QRCodes'),4))}\"\n  },\n{\n    \"Name\": \"Test\",\n    \"Base64image\":\"@{first(skip(variables('QRCodes'),5))}\"\n  },\n{\n    \"Name\": \"Test\",\n    \"Base64image\":\"@{first(skip(variables('QRCodes'),6))}\"\n  },\n{\n    \"Name\": \"Test\",\n    \"Base64image\":\"@{first(skip(variables('QRCodes'),7))}\"\n  },\n{\n    \"Name\": \"Test\",\n    \"Base64image\":\"@{first(skip(variables('QRCodes'),8))}\"\n  },\n{\n    \"Name\": \"Test\",\n    \"Base64image\":\"@{first(skip(variables('QRCodes'),8))}\"\n  },\n{\n    \"Name\": \"Test\",\n    \"Base64image\":\"@{first(skip(variables('QRCodes'),9))}\"\n  },\n{\n    \"Name\": \"Test\",\n    \"Base64image\":\"@{first(skip(variables('QRCodes'),10))}\"\n  },\n{\n    \"Name\": \"Test\",\n    \"Base64image\":\"@{first(skip(variables('QRCodes'),11))}\"\n  },\n{\n    \"Name\": \"Test\",\n    \"Base64image\":\"@{first(skip(variables('QRCodes'),12))}\"\n  },\n{\n    \"Name\": \"Test\",\n    \"Base64image\":\"@{first(skip(variables('QRCodes'),13))}\"\n  },\n{\n    \"Name\": \"Test\",\n    \"Base64image\":\"@{first(skip(variables('QRCodes'),14))}\"\n  },\n{\n    \"Name\": \"Test\",\n    \"Base64image\":\"@{first(skip(variables('QRCodes'),15))}\"\n  },\n{\n    \"Name\": \"Test\",\n    \"Base64image\":\"@{first(skip(variables('QRCodes'),16))}\"\n  },\n{\n    \"Name\": \"Test\",\n    \"Base64image\":\"@{first(skip(variables('QRCodes'),17))}\"\n  },\n{\n    \"Name\": \"Test\",\n    \"Base64image\":\"@{first(skip(variables('QRCodes'),18))}\"\n  },\n{\n    \"Name\": \"Test\",\n    \"Base64image\":\"@{first(skip(variables('QRCodes'),19))}\"\n  }]\n}"}]}},"imageID":{"runAfter":{"imageName":["Succeeded"]},"metadata":{"operationMetadataId":"01d816cf-6ca1-46de-a472-eeeaaa655004"},"type":"InitializeVariable","inputs":{"variables":[{"name":"imageID","type":"string"}]}},"Get_files_(properties_only)":{"runAfter":{"Send_an_HTTP_request_to_SharePoint":["Succeeded"]},"metadata":{"operationMetadataId":"a2cee225-7498-49dc-9bf4-14e2ec645804"},"type":"OpenApiConnection","inputs":{"parameters":{"dataset":"https://ecasejsh.sharepoint.com/sites/StructuralInspection","table":"f11f391d-2f4f-4b1d-8255-68ccfede67bf"},"host":{"apiId":"/providers/Microsoft.PowerApps/apis/shared_sharepointonline","connectionName":"shared_sharepointonline","operationId":"GetFileItems"},"authentication":{"value":"@json(decodeBase64(triggerOutputs().headers['X-MS-APIM-Tokens']))['$ConnectionKey']","type":"Raw"}}},"Initialize_variable_Floor_Number":{"runAfter":{"QRCodes":["Succeeded"]},"metadata":{"operationMetadataId":"23d09db2-8544-4e23-aae0-3534d0ec6eb2"},"type":"InitializeVariable","inputs":{"variables":[{"name":"Floor_Number","type":"string"}]}},"Parse_JSON":{"runAfter":{"Get_files_(properties_only)":["Succeeded"]},"metadata":{"operationMetadataId":"8e7f3fbc-373a-4c15-9bc6-0e8e8ebe2e5a"},"type":"ParseJson","inputs":{"content":"@outputs('Get_files_(properties_only)')?['body/value']","schema":{"type":"array","items":{"type":"object","properties":{"@@odata.etag":{"type":"string"},"ItemInternalId":{"type":"string"},"ID":{"type":"integer"},"Title":{"type":"string"},"Modified":{"type":"string"},"Editor":{"type":"object","properties":{"@@odata.type":{"type":"string"},"Claims":{"type":"string"},"DisplayName":{"type":"string"},"Email":{"type":"string"},"Picture":{"type":"string"},"Department":{"type":"string"},"JobTitle":{"type":"string"}}},"Editor#Claims":{"type":"string"},"MediaServiceImageTags":{"type":"array"},"MediaServiceImageTags@odata.type":{"type":"string"},"MediaServiceImageTags#WssId":{"type":"array"},"MediaServiceImageTags#WssId@odata.type":{"type":"string"},"Created":{"type":"string"},"Author":{"type":"object","properties":{"@@odata.type":{"type":"string"},"Claims":{"type":"string"},"DisplayName":{"type":"string"},"Email":{"type":"string"},"Picture":{"type":"string"},"Department":{},"JobTitle":{}}},"Author#Claims":{"type":"string"},"OData__DisplayName":{"type":"string"},"{Identifier}":{"type":"string"},"{IsFolder}":{"type":"boolean"},"{Thumbnail}":{"type":"object","properties":{"Large":{},"Medium":{},"Small":{}}},"{Link}":{"type":"string"},"{Name}":{"type":"string"},"{FilenameWithExtension}":{"type":"string"},"{Path}":{"type":"string"},"{FullPath}":{"type":"string"},"{IsCheckedOut}":{"type":"boolean"},"{VersionNumber}":{"type":"string"},"Element_ID":{"type":"string"},"Floor_Number":{"type":"string"},"Structural_Condition":{"type":"string"}},"required":["@@odata.etag","ItemInternalId","ID","Modified","Editor","Editor#Claims","MediaServiceImageTags","MediaServiceImageTags@odata.type","MediaServiceImageTags#WssId","MediaServiceImageTags#WssId@odata.type","Created","Author","Author#Claims","OData__DisplayName","{Identifier}","{IsFolder}","{Thumbnail}","{Link}","{Name}","{FilenameWithExtension}","{Path}","{FullPath}","{IsCheckedOut}","{VersionNumber}"]}}}},"For_each":{"foreach":"@outputs('Parse_JSON')['body']","actions":{"Set_variable_Floor_Number":{"runAfter":{"Append_to_Array_Remarks":["Succeeded"]},"metadata":{"operationMetadataId":"4ca33b32-4696-4690-9873-2262df658596"},"type":"SetVariable","inputs":{"name":"Floor_Number","value":"@{items('For_each')?['Floor_Number']}"}},"Set_variable_Element_ID":{"runAfter":{"Set_variable_Floor_Number":["Succeeded"]},"metadata":{"operationMetadataId":"b37eaf6c-4771-400f-a625-b0d866c9ed0d"},"type":"SetVariable","inputs":{"name":"Element_ID","value":"@item()?['Element_ID']"}},"Set_variable_Structural_Condition":{"runAfter":{"Set_variable_Element_ID":["Succeeded"]},"metadata":{"operationMetadataId":"eb0dcb25-d43e-41e6-9423-b3b6ee10d842"},"type":"SetVariable","inputs":{"name":"Structural_Condition","value":"@item()?['Structural_Condition']"}},"Set_variable_Remarks":{"runAfter":{"Set_variable_Structural_Condition":["Succeeded"]},"metadata":{"operationMetadataId":"080a32e4-3a66-495d-be1b-3d8e0e8632ac"},"type":"SetVariable","inputs":{"name":"Remarks","value":"@{items('For_each')?['Remarks']}"}},"Append_to_array_variable_Floor_Number_Array":{"metadata":{"operationMetadataId":"0d62fb7e-1e47-4416-921c-96adc1d58ec1"},"type":"AppendToArrayVariable","inputs":{"name":"Floor_Number_Array","value":"@coalesce(items('For_each')?['Floor_Number'],'NULL')"}},"Append_to_array_variable_ElementID_Array":{"runAfter":{"Append_to_array_variable_Floor_Number_Array":["Succeeded"]},"metadata":{"operationMetadataId":"871dbae7-d084-4661-aba6-076092d4856c"},"type":"AppendToArrayVariable","inputs":{"name":"Element_ID_Array","value":"@coalesce(items('For_each')?['Element_ID'],'NULL')"}},"Append_to_array_variable_Structural_Condition_Array":{"runAfter":{"Append_to_array_variable_ElementID_Array":["Succeeded"]},"metadata":{"operationMetadataId":"ce356af1-7c41-401f-8e15-c63453b3eb4d"},"type":"AppendToArrayVariable","inputs":{"name":"Structural_Condition_Array","value":"@coalesce(items('For_each')?['Structural_Condition'],'NULL')"}},"Append_to_Array_Remarks":{"runAfter":{"Append_to_array_variable_Structural_Condition_Array":["Succeeded"]},"metadata":{"operationMetadataId":"b02233aa-9ed8-4ca8-97b7-4e15626571ea"},"type":"AppendToArrayVariable","inputs":{"name":"Array_Remarks","value":"@coalesce(items('For_each')?['Remarks'],'NULL')"}}},"runAfter":{"Initialize_Array_Remarks":["Succeeded"]},"metadata":{"operationMetadataId":"89cd5a50-8b29-41d2-8c15-ab744f557c3a"},"type":"Foreach"},"Initialize_variable_Element_ID":{"runAfter":{"Initialize_Floor_Number_Array":["Succeeded"]},"metadata":{"operationMetadataId":"c8d7f785-e505-4348-8fad-187f7ad15b24"},"type":"InitializeVariable","inputs":{"variables":[{"name":"Element_ID","type":"string"}]}},"Initialize_variable_Structural_Condition":{"runAfter":{"Initialize_Element_ID_Array":["Succeeded"]},"metadata":{"operationMetadataId":"80c1d771-4dae-4752-a120-27f552c950f2"},"type":"InitializeVariable","inputs":{"variables":[{"name":"Structural_Condition","type":"string"}]}},"Initialize_variable_Remarks":{"runAfter":{"Initialize_Structural_Condition_Array":["Succeeded"]},"metadata":{"operationMetadataId":"96000298-acfa-4aec-9d4c-eb0cd15e5b28"},"type":"InitializeVariable","inputs":{"variables":[{"name":"Remarks","type":"string"}]}},"Initialize_Floor_Number_Array":{"runAfter":{"Initialize_variable_Floor_Number":["Succeeded"]},"metadata":{"operationMetadataId":"153ccace-6207-42c3-8a78-170664560212"},"type":"InitializeVariable","inputs":{"variables":[{"name":"Floor_Number_Array","type":"array","value":[]}]}},"Initialize_Element_ID_Array":{"runAfter":{"Initialize_variable_Element_ID":["Succeeded"]},"metadata":{"operationMetadataId":"32272cce-b362-4a86-8917-8ebe45ca57b3"},"type":"InitializeVariable","inputs":{"variables":[{"name":"Element_ID_Array","type":"array"}]}},"Initialize_Structural_Condition_Array":{"runAfter":{"Initialize_variable_Structural_Condition":["Succeeded"]},"metadata":{"operationMetadataId":"81b1b5fd-22fa-44d4-b9d3-0ea2915a2c11"},"type":"InitializeVariable","inputs":{"variables":[{"name":"Structural_Condition_Array","type":"array"}]}},"Initialize_Array_Remarks":{"runAfter":{"Initialize_variable_Remarks":["Succeeded"]},"metadata":{"operationMetadataId":"0d665957-e205-4efd-ba1e-44d78c0aef6c"},"type":"InitializeVariable","inputs":{"variables":[{"name":"Array_Remarks","type":"array","value":[]}]}},"Data_Test":{"runAfter":{"Initialize_DATA_variable":["Succeeded"]},"metadata":{"operationMetadataId":"d6ad1c2c-383b-4db2-ba2f-30a237e9d378"},"type":"InitializeVariable","inputs":{"variables":[{"name":"Data_Test","type":"string","value":"{\n  \"QRCodes\": [\n  {\n    \"Name\": \"Test\",\n    \"Base64image\":\"@{first(variables('QRCodes'))}\",\n    \"Floor_Number\":\"@{first(variables('Floor_Number_Array'))}\",\n    \"Structural_Condition\":\"@{first(variables('Structural_Condition_Array'))}\",\n    \"Element_ID\":\"@{first(variables('Element_ID_Array'))}\",\n    \"Remarks\":\"@{first(variables('Array_Remarks'))}\"\n\n  },\n  {\n    \"Name\": \"Test\",\n    \"Base64image\":\"@{first(skip(variables('QRCodes'),1))}\",\n    \"Floor_Number\":\"@{first(skip(variables('Floor_Number_Array'),1))}\",\n    \"Structural_Condition\":\"@{first(skip(variables('Structural_Condition_Array'),1))}\",\n    \"Element_ID\":\"@{first(skip(variables('Element_ID_Array'),1))}\",\n    \"Remarks\":\"@{first(skip(variables('Array_Remarks'),1))}\"\n  },\n  {\n    \"Name\": \"Test\",\n    \"Base64image\":\"@{first(skip(variables('QRCodes'),2))}\",\n    \"Floor_Number\":\"@{first(skip(variables('Floor_Number_Array'),2))}\",\n    \"Structural_Condition\":\"@{first(skip(variables('Structural_Condition_Array'),2))}\",\n    \"Element_ID\":\"@{first(skip(variables('Element_ID_Array'),2))}\",\n    \"Remarks\":\"@{first(skip(variables('Array_Remarks'),2))}\"\n  },\n  {\n    \"Name\": \"Test\",\n    \"Base64image\":\"@{first(skip(variables('QRCodes'),3))}\",\n    \"Floor_Number\":\"@{first(skip(variables('Floor_Number_Array'),3))}\",\n    \"Structural_Condition\":\"@{first(skip(variables('Structural_Condition_Array'),3))}\",\n    \"Element_ID\":\"@{first(skip(variables('Element_ID_Array'),3))}\",\n    \"Remarks\":\"@{first(skip(variables('Array_Remarks'),3))}\"\n  },\n{\n    \"Name\": \"Test\",\n    \"Base64image\":\"@{first(skip(variables('QRCodes'),4))}\",\n    \"Floor_Number\":\"@{first(skip(variables('Floor_Number_Array'),4))}\",\n    \"Structural_Condition\":\"@{first(skip(variables('Structural_Condition_Array'),4))}\",\n    \"Element_ID\":\"@{first(skip(variables('Element_ID_Array'),4))}\",\n    \"Remarks\":\"@{first(skip(variables('Array_Remarks'),4))}\"\n  },\n{\n    \"Name\": \"Test\",\n    \"Base64image\":\"@{first(skip(variables('QRCodes'),5))}\",\n    \"Floor_Number\":\"@{first(skip(variables('Floor_Number_Array'),5))}\",\n    \"Structural_Condition\":\"@{first(skip(variables('Structural_Condition_Array'),5))}\",\n    \"Element_ID\":\"@{first(skip(variables('Element_ID_Array'),5))}\",\n    \"Remarks\":\"@{first(skip(variables('Array_Remarks'),5))}\"\n  },\n{\n    \"Name\": \"Test\",\n    \"Base64image\":\"@{first(skip(variables('QRCodes'),6))}\",\n    \"Floor_Number\":\"@{first(skip(variables('Floor_Number_Array'),6))}\",\n    \"Structural_Condition\":\"@{first(skip(variables('Structural_Condition_Array'),6))}\",\n    \"Element_ID\":\"@{first(skip(variables('Element_ID_Array'),6))}\",\n    \"Remarks\":\"@{first(skip(variables('Array_Remarks'),6))}\"\n  },\n{\n    \"Name\": \"Test\",\n    \"Base64image\":\"@{first(skip(variables('QRCodes'),7))}\",\n    \"Floor_Number\":\"@{first(skip(variables('Floor_Number_Array'),7))}\",\n    \"Structural_Condition\":\"@{first(skip(variables('Structural_Condition_Array'),7))}\",\n    \"Element_ID\":\"@{first(skip(variables('Element_ID_Array'),7))}\",\n    \"Remarks\":\"@{first(skip(variables('Array_Remarks'),7))}\"\n  },\n{\n    \"Name\": \"Test\",\n    \"Base64image\":\"@{first(skip(variables('QRCodes'),8))}\",\n    \"Floor_Number\":\"@{first(skip(variables('Floor_Number_Array'),8))}\",\n    \"Structural_Condition\":\"@{first(skip(variables('Structural_Condition_Array'),8))}\",\n    \"Element_ID\":\"@{first(skip(variables('Element_ID_Array'),9))}\",\n    \"Remarks\":\"@{first(skip(variables('Array_Remarks'),8))}\"\n  },\n{\n    \"Name\": \"Test\",\n    \"Base64image\":\"@{first(skip(variables('QRCodes'),9))}\",\n    \"Floor_Number\":\"@{first(skip(variables('Floor_Number_Array'),9))}\",\n    \"Structural_Condition\":\"@{first(skip(variables('Structural_Condition_Array'),9))}\",\n    \"Element_ID\":\"@{first(skip(variables('Element_ID_Array'),9))}\",\n    \"Remarks\":\"@{first(skip(variables('Array_Remarks'),9))}\"\n  },\n{\n    \"Name\": \"Test\",\n    \"Base64image\":\"@{first(skip(variables('QRCodes'),10))}\",\n    \"Floor_Number\":\"@{first(skip(variables('Floor_Number_Array'),10))}\",\n    \"Structural_Condition\":\"@{first(skip(variables('Structural_Condition_Array'),10))}\",\n    \"Element_ID\":\"@{first(skip(variables('Element_ID_Array'),10))}\",\n    \"Remarks\":\"@{first(skip(variables('Array_Remarks'),8))}\"\n  }]\n}"}]}},"Populate_Word_Document":{"runAfter":{"Parse_Data_Test-copy":["Succeeded"]},"metadata":{"operationMetadataId":"8ebfadc0-dd59-4849-bf13-7469bd62fc0b"},"type":"OpenApiConnection","inputs":{"parameters":{"operation/fileContent":"@body('Get_Template_from_SharePoint_Document_Library')","operation/documentData":"{\n  \"QRCodes\": [\n  {\n    \"Name\": \"Test\",\n    \"Base64image\":\"@{first(variables('QRCodes'))}\",\n    \"Floor_Number\":\"@{first(variables('Floor_Number_Array'))}\",\n    \"Structural_Condition\":\"@{first(variables('Structural_Condition_Array'))}\",\n    \"Element_ID\":\"@{first(variables('Element_ID_Array'))}\",\n    \"Remarks\":\"@{first(variables('Array_Remarks'))}\"\n\n  },\n  {\n    \"Name\": \"Test\",\n    \"Base64image\":\"@{first(skip(variables('QRCodes'),1))}\",\n    \"Floor_Number\":\"@{first(skip(variables('Floor_Number_Array'),1))}\",\n    \"Structural_Condition\":\"@{first(skip(variables('Structural_Condition_Array'),1))}\",\n    \"Element_ID\":\"@{first(skip(variables('Element_ID_Array'),1))}\",\n    \"Remarks\":\"@{first(skip(variables('Array_Remarks'),1))}\"\n  },\n  {\n    \"Name\": \"Test\",\n    \"Base64image\":\"@{first(skip(variables('QRCodes'),2))}\",\n    \"Floor_Number\":\"@{first(skip(variables('Floor_Number_Array'),2))}\",\n    \"Structural_Condition\":\"@{first(skip(variables('Structural_Condition_Array'),2))}\",\n    \"Element_ID\":\"@{first(skip(variables('Element_ID_Array'),2))}\",\n    \"Remarks\":\"@{first(skip(variables('Array_Remarks'),2))}\"\n  },\n  {\n    \"Name\": \"Test\",\n    \"Base64image\":\"@{first(skip(variables('QRCodes'),3))}\",\n    \"Floor_Number\":\"@{first(skip(variables('Floor_Number_Array'),3))}\",\n    \"Structural_Condition\":\"@{first(skip(variables('Structural_Condition_Array'),3))}\",\n    \"Element_ID\":\"@{first(skip(variables('Element_ID_Array'),3))}\",\n    \"Remarks\":\"@{first(skip(variables('Array_Remarks'),3))}\"\n  },\n{\n    \"Name\": \"Test\",\n    \"Base64image\":\"@{first(skip(variables('QRCodes'),4))}\",\n    \"Floor_Number\":\"@{first(skip(variables('Floor_Number_Array'),4))}\",\n    \"Structural_Condition\":\"@{first(skip(variables('Structural_Condition_Array'),4))}\",\n    \"Element_ID\":\"@{first(skip(variables('Element_ID_Array'),4))}\",\n    \"Remarks\":\"@{first(skip(variables('Array_Remarks'),4))}\"\n  },\n{\n    \"Name\": \"Test\",\n    \"Base64image\":\"@{first(skip(variables('QRCodes'),5))}\",\n    \"Floor_Number\":\"@{first(skip(variables('Floor_Number_Array'),5))}\",\n    \"Structural_Condition\":\"@{first(skip(variables('Structural_Condition_Array'),5))}\",\n    \"Element_ID\":\"@{first(skip(variables('Element_ID_Array'),5))}\",\n    \"Remarks\":\"@{first(skip(variables('Array_Remarks'),5))}\"\n  },\n{\n    \"Name\": \"Test\",\n    \"Base64image\":\"@{first(skip(variables('QRCodes'),6))}\",\n    \"Floor_Number\":\"@{first(skip(variables('Floor_Number_Array'),6))}\",\n    \"Structural_Condition\":\"@{first(skip(variables('Structural_Condition_Array'),6))}\",\n    \"Element_ID\":\"@{first(skip(variables('Element_ID_Array'),6))}\",\n    \"Remarks\":\"@{first(skip(variables('Array_Remarks'),6))}\"\n  },\n{\n    \"Name\": \"Test\",\n    \"Base64image\":\"@{first(skip(variables('QRCodes'),7))}\",\n    \"Floor_Number\":\"@{first(skip(variables('Floor_Number_Array'),7))}\",\n    \"Structural_Condition\":\"@{first(skip(variables('Structural_Condition_Array'),7))}\",\n    \"Element_ID\":\"@{first(skip(variables('Element_ID_Array'),7))}\",\n    \"Remarks\":\"@{first(skip(variables('Array_Remarks'),7))}\"\n  },\n{\n    \"Name\": \"Test\",\n    \"Base64image\":\"@{first(skip(variables('QRCodes'),8))}\",\n    \"Floor_Number\":\"@{first(skip(variables('Floor_Number_Array'),8))}\",\n    \"Structural_Condition\":\"@{first(skip(variables('Structural_Condition_Array'),8))}\",\n    \"Element_ID\":\"@{first(skip(variables('Element_ID_Array'),8))}\",\n    \"Remarks\":\"@{first(skip(variables('Array_Remarks'),8))}\"\n  },\n{\n    \"Name\": \"Test\",\n    \"Base64image\":\"@{first(skip(variables('QRCodes'),9))}\",\n    \"Floor_Number\":\"@{first(skip(variables('Floor_Number_Array'),9))}\",\n    \"Structural_Condition\":\"@{first(skip(variables('Structural_Condition_Array'),9))}\",\n    \"Element_ID\":\"@{first(skip(variables('Element_ID_Array'),9))}\",\n    \"Remarks\":\"@{first(skip(variables('Array_Remarks'),9))}\"\n  },\n{\n    \"Name\": \"Test\",\n    \"Base64image\":\"@{first(skip(variables('QRCodes'),10))}\",\n    \"Floor_Number\":\"@{first(skip(variables('Floor_Number_Array'),10))}\",\n    \"Structural_Condition\":\"@{first(skip(variables('Structural_Condition_Array'),10))}\",\n    \"Element_ID\":\"@{first(skip(variables('Element_ID_Array'),10))}\",\n    \"Remarks\":\"@{first(skip(variables('Array_Remarks'),10))}\"\n  }]\n}","operation/jsonParseMode":"Standard","operation/allowMissingMembers":true,"operation/inlineErrorMessages":false,"operation/removeEmptyParagraphs":false,"operation/dateTimeFormat":"","operation/timezone":"Default"},"host":{"apiId":"/providers/Microsoft.PowerApps/apis/shared_encodiandocumentmanager","connectionName":"shared_encodiandocumentmanager","operationId":"PopulateWordDocument"},"authentication":{"value":"@json(decodeBase64(triggerOutputs().headers['X-MS-APIM-Tokens']))['$ConnectionKey']","type":"Raw"}}},"Create_file":{"runAfter":{"Populate_Word_Document":["Succeeded"]},"metadata":{"operationMetadataId":"f90d344a-d867-4e97-9189-6821f09f3c7e"},"type":"OpenApiConnection","inputs":{"parameters":{"dataset":"https://ecasejsh.sharepoint.com/sites/StructuralInspection","folderPath":"/Shared Documents/02_AutoGenerated Reports","name":"@{triggerBody()['text_1']}.docx","body":"@outputs('Populate_Word_Document')?['body/FileContent']"},"host":{"apiId":"/providers/Microsoft.PowerApps/apis/shared_sharepointonline","connectionName":"shared_sharepointonline","operationId":"CreateFile"},"authentication":{"value":"@json(decodeBase64(triggerOutputs().headers['X-MS-APIM-Tokens']))['$ConnectionKey']","type":"Raw"}},"runtimeConfiguration":{"contentTransfer":{"transferMode":"Chunked"}}},"Data_Test-copy":{"runAfter":{"Data_Test":["Succeeded"]},"metadata":{"operationMetadataId":"d6ad1c2c-383b-4db2-ba2f-30a237e9d378"},"type":"InitializeVariable","inputs":{"variables":[{"name":"Data_Test-COPY","type":"string","value":"{\n  \"companyName\": \"Encodian\",\n  \"QRCodes\": [\n  {\n    \"Name\": \"Test\",\n    \"Base64image\":\"@{first(variables('QRCodes'))}\",\n    \"Floor_Number\":\"2\",\n    \"Structural_Condition\":\"BAD\",\n    \"Element_ID\":\"2\",\n    \"Remarks\":\"HI\"\n\n  },\n  {\n    \"Name\": \"Test\",\n    \"Base64image\":\"@{first(skip(variables('QRCodes'),1))}\",\n    \"Floor_Number\":\"3\",\n    \"Structural_Condition\":\"OKAY\",\n    \"Element_ID\":\"5\",\n    \"Remarks\":\"FINE\"\n  }]\n}"}]}},"Parse_Data_Test-copy":{"runAfter":{"Data_Test-copy":["Succeeded"]},"type":"ParseJson","inputs":{"content":"@variables('Data_Test-COPY')","schema":{"type":"object","properties":{"companyName":{"type":"string"},"QRCodes":{"type":"array","items":{"type":"object","properties":{"Name":{"type":"string"},"Base64image":{"type":"string"},"Floor_Number":{"type":"string"},"Structural_Condition":{"type":"string"},"Element_ID":{"type":"string"},"Remarks":{"type":"string"}},"required":["Name","Base64image","Floor_Number","Structural_Condition","Element_ID","Remarks"]}}},"required":["companyName","QRCodes"]}}},"Send_an_email_(V2)":{"runAfter":{"Create_file":["Succeeded"]},"type":"OpenApiConnection","inputs":{"parameters":{"emailMessage/To":"@triggerBody()?['text_2']","emailMessage/Subject":"New Report Generated","emailMessage/Body":"<p>Hello @{substring(triggerBody()?['text_2'],0,indexOf(triggerBody()?['text_2'],'@'))},</p><br><p>We hope this message finds you well.</p><br><p>We are pleased to inform you that a @{outputs('Create_file')?['body/Name']} has been auto-generated by our system and is now available for your review. The images captured through our app have been successfully saved in SharePoint folder and compiled into this report.</p><br><p>Please find the report<a href=\"@{outputs('Create_file')?['body/Path']}\"> <u><b><strong>HERE</strong></b></u> </a>for your reference.</p><br><p>Kind Regards,</p><p>ECAS Consultants Pte Ltd</p>","emailMessage/Importance":"Normal"},"host":{"apiId":"/providers/Microsoft.PowerApps/apis/shared_office365","connectionName":"shared_office365","operationId":"SendEmailV2"},"authentication":{"value":"@json(decodeBase64(triggerOutputs().headers['X-MS-APIM-Tokens']))['$ConnectionKey']","type":"Raw"}}}},"outputs":{},"description":"Add a new items into a SharePoint list and then send an email when a button or link in Power Apps is selected."},"connectionReferences":{"shared_sharepointonline":{"connectionName":"1ebccc9f5eb34a0f8e5b187742ca8959","source":"Invoker","id":"/providers/Microsoft.PowerApps/apis/shared_sharepointonline","tier":"NotSpecified"},"shared_encodiandocumentmanager":{"connectionName":"shared-encodiandocum-51a051cf-e6e0-4b35-906a-2729c6caecf7","source":"Invoker","id":"/providers/Microsoft.PowerApps/apis/shared_encodiandocumentmanager","tier":"NotSpecified"},"shared_office365":{"connectionName":"shared-office365-11328aed-12d5-4d88-af1b-4f8de6bd1756","source":"Invoker","id":"/providers/Microsoft.PowerApps/apis/shared_office365","tier":"NotSpecified"}},"flowFailureAlertSubscribed":false,"isManaged":false}}